2,5,5,5,5,5,5
2,5,5,5,5,4,5
2,-999,-999,1,1,1,-999
2,2,1,1,1,1,1
2,4,1,1,5,1,1
2,5,5,4,5,5,5
2,3,4,4,5,5,5
2,5,5,-999,5,1,4
2,2,2,1,2,2,2
2,3,3,1,1,2,4
2,2,1,1,-999,-999,-999
2,2,2,1,3,3,3
2,4,1,2,1,3,-999
2,1,1,-999,1,2,2
2,3,2,1,3,4,3
2,5,5,5,5,5,5
2,2,1,2,3,1,2
2,5,4,3,4,4,3
2,4,3,3,3,3,3
2,2,4,2,3,2,2
2,3,3,3,3,3,2
2,-999,-999,-999,-999,-999,-999
2,3,4,4,4,3,1
2,-999,-999,-999,-999,-999,-999
2,2,2,1,1,2,4
2,5,5,5,5,5,5
2,5,3,3,3,4,3
2,2,1,-999,2,1,2
2,5,5,4,5,2,5
2,2,1,2,2,2,2
2,5,5,5,5,5,4
3,1,1,1,1,1,4
3,-999,-999,-999,-999,-999,-999
3,-999,-999,1,-999,-999,-999
3,-999,-999,-999,-999,-999,-999
3,-999,-999,-999,-999,-999,-999
3,-999,-999,-999,-999,-999,3
3,-999,-999,-999,-999,-999,-999
3,1,2,1,3,3,3
3,1,2,2,1,2,2
3,2,3,5,4,4,3
3,4,4,4,4,4,-999
3,1,1,1,1,1,1
3,1,1,1,1,1,1
3,1,3,3,-999,-999,-999
3,1,1,1,1,1,2
3,1,1,1,1,1,2
3,1,1,1,1,1,1
3,4,4,4,3,3,3
3,5,3,5,2,4,5
3,1,1,1,1,1,1
3,5,5,5,5,5,4
3,-999,-999,-999,-999,-999,-999
3,5,5,5,4,4,4
4,-999,-999,-999,-999,-999,-999
4,1,2,2,1,1,3
4,3,3,3,2,2,2
4,-999,-999,-999,-999,-999,-999
4,-999,-999,-999,-999,-999,-999
4,1,1,1,3,3,3
4,4,4,4,4,4,4
4,5,5,1,5,4,4
4,4,4,4,4,4,4
4,3,2,1,2,4,3
4,5,5,4,4,3,5
4,4,4,1,3,3,-999
4,4,3,3,5,4,5
4,3,3,3,4,3,1
4,-999,-999,-999,-999,-999,-999
4,3,4,4,2,1,1
4,5,5,5,3,3,5
4,4,3,2,-999,-999,-999
4,-999,-999,-999,-999,-999,-999
4,-999,-999,-999,-999,-999,-999
4,5,3,3,2,-999,-999
4,5,4,5,5,5,5
4,-999,-999,-999,-999,-999,-999
4,4,3,4,3,3,4
4,5,4,5,5,5,5
4,5,5,5,2,5,5
4,-999,-999,-999,-999,-999,-999
4,-999,-999,-999,-999,-999,-999
4,3,3,1,3,4,3
4,4,3,1,5,4,5
4,-999,-999,-999,-999,-999,-999
5,3,3,3,3,3,3
5,3,1,1,4,4,2
5,-999,-999,-999,-999,-999,-999
5,-999,-999,-999,-999,-999,-999
5,1,2,2,3,2,2
5,1,1,1,1,2,1
5,3,2,3,4,4,5
5,1,1,1,1,1,1
5,-999,-999,-999,-999,-999,-999
5,2,2,2,2,2,2
5,2,2,2,2,2,2
5,4,4,4,5,5,4
5,4,4,2,4,4,4
5,5,5,5,5,5,5
5,-999,-999,-999,-999,-999,-999
5,3,3,5,5,3,2
5,5,3,3,5,5,4
5,5,1,2,1,2,2
5,1,1,1,1,1,1
5,5,5,5,5,5,5
5,3,4,4,3,3,3
5,2,2,2,4,-999,4
5,5,5,2,4,4,4
5,3,5,4,1,2,5
5,4,5,4,4,4,4
5,3,3,3,3,3,3
5,3,3,3,4,4,4
5,5,5,5,5,5,5
5,-999,3,3,2,3,2
5,3,3,3,2,4,-999
5,4,4,4,4,4,4
5,5,5,5,5,5,5
5,1,4,4,5,5,2
5,5,5,5,5,4,5
6,4,4,3,4,3,4
6,3,3,3,3,3,3
6,-999,-999,-999,2,-999,-999
6,5,5,5,5,4,4
6,-999,-999,-999,2,-999,-999
6,5,3,3,2,2,2
6,2,1,1,-999,-999,-999
6,1,3,1,1,1,-999
6,-999,-999,-999,-999,-999,-999
6,2,3,3,2,1,2
6,1,1,1,1,1,1
6,3,3,3,2,1,3
6,5,4,5,3,3,4
6,-999,-999,-999,-999,-999,-999
6,2,2,2,1,1,2
6,1,1,4,1,4,1
6,4,4,3,2,5,4
6,1,3,4,1,1,1
6,-999,-999,-999,-999,-999,-999
6,-999,-999,-999,-999,-999,-999
6,1,1,1,4,4,4
6,2,2,2,3,3,3
6,1,3,1,1,1,1
6,3,3,3,2,2,4
6,1,2,2,2,1,1
6,4,3,2,3,2,4
6,5,4,4,4,4,4
6,3,3,3,2,2,1
6,5,5,1,5,3,5
6,4,-999,4,3,1,4
6,1,1,1,2,2,2
6,4,3,2,3,3,2
6,2,2,2,2,2,2
6,4,4,4,3,3,1
6,1,1,1,1,1,1
7,1,1,1,1,1,1
7,1,1,1,2,2,2
7,4,3,3,1,1,2
7,2,2,2,2,2,2
7,1,1,1,1,1,1
7,-999,-999,-999,5,-999,-999
7,1,1,1,1,1,1
7,1,1,1,1,1,1
7,-999,-999,-999,1,1,1
7,5,5,5,1,1,1
7,5,-999,-999,-999,-999,-999
7,-999,-999,-999,-999,-999,-999
7,3,-999,3,4,2,-999
7,1,1,1,4,4,-999
7,3,1,2,4,4,3
7,1,1,2,4,2,5
7,1,2,4,1,1,5
7,1,1,1,1,1,1
7,5,4,4,-999,-999,-999
7,5,5,5,2,5,4
7,-999,5,-999,-999,2,2
7,3,3,1,1,1,2
7,2,2,1,2,2,3
7,1,1,1,1,1,1
8,3,1,1,1,1,1
8,4,1,4,1,2,3
8,5,5,4,4,3,4
8,1,1,1,1,1,1
8,5,4,4,3,5,5
8,3,4,5,1,3,1
8,4,2,2,5,5,2
8,2,1,2,4,4,3
8,1,1,1,1,1,1
8,5,4,3,-999,-999,-999
8,4,3,3,2,2,5
8,1,1,5,4,4,3
8,3,3,3,3,3,3
8,4,1,1,2,1,3
8,5,5,5,5,5,5
8,5,2,4,1,4,3
8,4,4,3,3,3,3
8,2,1,-999,3,2,1
8,4,4,1,3,3,2
8,3,4,3,2,3,2
8,4,3,2,2,4,1
8,-999,-999,-999,-999,-999,-999
8,4,4,3,4,4,5
8,1,1,1,1,1,1
8,2,1,-999,3,2,3
8,-999,-999,-999,1,1,1
8,4,4,5,3,3,1
8,3,3,2,3,3,1
8,3,2,2,4,4,3
8,4,2,3,3,4,4
8,4,5,4,4,3,4
8,4,4,4,1,1,4
8,5,5,5,5,5,5
9,1,1,1,1,1,1
9,2,4,4,1,2,4
9,2,2,2,4,4,3
9,1,1,1,1,1,1
9,-999,-999,-999,-999,-999,-999
9,4,3,3,2,2,3
9,1,1,2,1,1,1
9,3,3,3,3,3,3
9,4,5,5,4,4,4
9,5,5,-999,2,2,-999
9,5,3,4,4,3,2
9,1,1,1,1,1,2
9,4,2,2,2,1,3
9,-999,-999,-999,5,-999,5
9,4,4,4,4,4,4
9,5,5,4,4,3,5
9,2,4,1,1,4,1
9,4,4,4,-999,-999,-999
9,5,4,5,1,2,3
9,4,4,4,4,4,4
9,4,4,4,5,4,2
9,-999,-999,-999,1,1,-999
9,-999,-999,1,2,1,5
9,4,4,4,3,4,5
9,4,4,4,4,4,4
9,5,5,3,5,5,5
9,1,1,1,5,5,5
9,5,5,5,5,5,5
9,4,4,1,4,3,-999
9,5,5,5,5,5,5
9,2,3,2,1,4,1
9,4,3,2,1,1,1
9,2,1,1,2,2,2
9,2,5,1,4,1,2
10,-999,-999,-999,-999,-999,-999
10,1,1,1,1,1,1
10,-999,-999,-999,-999,-999,-999
10,3,4,4,3,2,2
10,-999,-999,-999,-999,-999,-999
10,-999,-999,-999,-999,-999,-999
10,-999,-999,-999,-999,-999,-999
10,-999,-999,-999,-999,-999,-999
10,-999,-999,-999,-999,-999,-999
10,-999,-999,-999,-999,-999,-999
10,-999,-999,-999,-999,-999,-999
10,-999,-999,-999,-999,-999,-999
10,-999,-999,-999,-999,-999,-999
10,-999,-999,4,4,4,-999
11,1,1,1,5,5,4
11,5,1,1,5,5,5
11,1,1,1,2,2,2
11,4,4,4,1,1,2
11,1,1,1,1,1,1
11,5,4,1,4,3,4
11,2,3,4,5,5,3
11,5,5,5,5,5,5
11,3,4,2,4,3,5
11,4,4,4,3,3,3
11,4,4,1,4,4,1
11,3,3,1,1,1,5
11,5,5,5,5,5,4
11,5,5,4,1,4,5
11,3,3,2,5,5,5
11,5,4,4,4,4,5
11,1,1,1,1,1,1
11,5,5,4,5,5,5
11,5,2,3,4,1,4
11,5,3,4,3,4,4
11,1,1,1,4,3,5
11,-999,-999,-999,-999,-999,-999
11,4,3,3,4,4,3
11,4,4,4,4,4,4
11,1,1,1,3,1,1
11,-999,2,3,-999,-999,-999
11,3,2,3,4,2,2
11,5,5,5,4,4,4
11,5,5,1,5,5,5
11,3,4,4,2,4,2
11,2,2,1,2,1,1
11,5,3,3,5,5,4
11,5,5,5,4,4,5
11,4,4,3,4,4,1
12,-999,-999,-999,-999,-999,-999
12,4,4,4,1,1,1
12,-999,-999,-999,-999,-999,-999
12,-999,-999,-999,-999,-999,-999
12,-999,-999,-999,-999,-999,-999
12,1,3,3,1,1,-999
12,-999,-999,-999,-999,-999,-999
12,-999,-999,-999,2,-999,-999
12,2,1,2,4,4,1
12,1,3,4,4,4,4
12,-999,-999,-999,-999,-999,-999
12,3,3,-999,3,3,4
12,-999,-999,-999,-999,-999,-999
12,3,3,4,5,3,4
12,2,-999,-999,-999,3,-999
12,-999,-999,-999,-999,-999,-999
12,-999,-999,-999,-999,-999,-999
12,-999,4,4,-999,-999,-999
12,1,1,2,4,4,3
12,4,4,4,5,5,4
13,-999,-999,-999,-999,-999,-999
13,-999,-999,-999,-999,-999,-999
13,-999,-999,-999,-999,-999,-999
13,-999,-999,-999,-999,2,-999
13,3,3,3,3,3,1
13,-999,-999,-999,-999,-999,-999
13,5,-999,-999,-999,-999,-999
13,3,1,3,1,2,4
14,-999,-999,-999,-999,-999,-999
14,3,2,5,1,2,1
14,2,2,2,-999,-999,-999
14,3,3,3,4,4,3
14,-999,-999,5,-999,1,-999
14,-999,-999,-999,-999,-999,-999
14,-999,2,-999,-999,-999,-999
14,-999,-999,-999,-999,-999,-999
14,-999,-999,-999,-999,-999,-999
14,2,2,2,2,2,2
14,-999,-999,-999,-999,-999,-999
14,-999,-999,-999,-999,-999,-999
14,-999,-999,-999,-999,-999,-999
14,-999,-999,-999,-999,-999,-999
14,-999,-999,-999,-999,-999,-999
14,-999,-999,-999,-999,-999,-999
14,3,3,3,-999,-999,-999
14,-999,-999,-999,-999,-999,-999
14,3,3,3,3,3,3
14,3,2,3,2,2,2
14,-999,-999,-999,-999,-999,-999
14,1,2,2,2,2,-999
14,3,2,3,3,2,-999
14,4,3,4,3,1,1
14,-999,-999,-999,-999,-999,-999
14,-999,-999,-999,-999,-999,-999
14,-999,-999,-999,-999,-999,-999
14,-999,-999,-999,-999,-999,-999
15,5,5,5,5,5,5
15,4,4,4,2,2,4
15,4,5,5,4,4,3
15,4,5,5,3,2,2
15,4,4,4,4,4,4
15,4,3,2,3,2,3
15,5,4,2,5,5,5
15,5,2,2,2,3,3
15,5,3,2,5,4,4
15,5,5,4,5,4,1
15,5,5,4,4,3,4
15,5,5,4,5,4,5
15,3,3,3,3,3,2
15,5,5,5,3,3,3
15,5,5,5,5,5,5
15,4,4,4,3,3,3
15,5,5,4,3,2,2
15,4,4,3,4,3,3
15,3,3,3,5,2,3
15,5,3,1,4,3,4
15,4,3,2,4,3,4
15,5,4,4,4,4,3
15,5,4,2,2,1,2
15,5,5,5,2,1,3
15,5,4,3,4,3,3
15,5,5,5,3,3,3
15,5,4,2,2,3,1
15,5,5,5,5,5,5
15,4,3,2,2,2,2
15,5,2,4,1,1,3
15,3,4,4,3,3,3
15,3,4,4,1,1,2
15,4,-999,1,4,4,4
15,5,5,5,4,4,1
15,3,2,3,3,3,3
16,4,4,4,4,4,4
16,3,2,1,3,2,3
16,3,3,3,3,-999,-999
16,-999,-999,-999,-999,-999,-999
16,3,3,3,1,1,3
16,5,5,5,5,5,5
16,4,4,4,4,4,4
16,5,5,4,4,4,4
16,3,5,3,-999,-999,-999
16,-999,4,-999,4,-999,4
16,3,1,1,2,4,4
16,2,2,2,2,1,3
16,2,1,-999,4,4,4
16,5,5,5,1,5,5
16,1,1,1,-999,-999,-999
16,3,2,3,1,5,4
16,5,3,2,1,1,4
16,1,1,1,1,2,-999
16,1,3,2,4,5,5
16,-999,-999,-999,-999,-999,-999
16,4,4,4,4,4,5
16,4,3,3,4,4,4
16,4,1,1,4,4,5
16,5,5,4,4,4,4
16,2,1,5,4,3,5
16,5,4,4,4,4,4
16,4,2,2,3,3,5
16,4,4,4,5,5,5
16,3,3,1,3,1,3
17,5,5,5,2,2,-999
17,-999,2,2,1,2,-999
17,-999,-999,-999,-999,-999,-999
17,2,1,3,-999,-999,-999
17,3,1,2,2,1,2
17,4,4,4,4,1,5
17,4,2,3,2,4,4
17,5,5,5,5,-999,-999
17,5,5,1,1,1,1
17,4,4,4,4,4,4
17,4,4,4,4,4,4
17,3,3,1,1,1,1
17,2,4,5,4,5,5
17,5,4,5,5,5,5
17,5,4,4,4,5,4
17,4,4,4,4,4,1
17,2,2,2,2,2,2
17,2,2,1,1,1,3
17,2,1,2,1,4,4
17,5,5,5,5,5,3
17,2,2,2,5,5,5
17,3,2,2,4,4,2
17,4,2,2,5,4,5
17,1,4,4,1,1,4
17,4,4,4,4,4,4
17,-999,-999,5,-999,2,-999
17,-999,2,1,-999,-999,-999
17,-999,-999,-999,-999,-999,-999
17,3,3,3,3,3,3
18,1,1,1,2,2,2
18,5,5,5,5,5,5
18,1,1,1,-999,-999,-999
18,5,1,4,4,4,5
18,1,1,1,-999,-999,-999
18,-999,-999,-999,-999,-999,-999
18,4,4,4,4,4,4
18,5,5,5,4,4,4
18,4,1,3,3,3,3
18,4,4,1,4,4,4
18,-999,-999,-999,-999,-999,-999
18,5,1,5,5,5,5
18,4,4,2,1,1,1
18,3,4,5,4,5,5
18,5,3,4,4,3,4
18,5,5,5,5,5,5
18,5,5,5,5,5,5
18,5,4,5,5,5,1
18,5,5,5,5,5,2
18,1,2,1,1,1,-999
18,4,4,4,4,4,4
18,5,5,5,5,4,5
18,4,2,1,5,5,5
18,-999,-999,-999,-999,-999,-999
18,5,3,5,5,3,4
18,5,4,4,5,5,5
18,-999,-999,-999,-999,-999,-999
18,5,5,5,5,5,5
18,4,4,4,4,3,4
18,4,4,4,-999,-999,-999
18,5,5,4,4,5,4
18,5,5,-999,1,1,-999
18,5,5,5,3,5,3
18,5,4,3,1,1,3
18,4,5,5,5,5,5
19,-999,-999,-999,2,2,-999
19,-999,-999,-999,1,-999,-999
19,3,2,-999,3,3,3
19,1,4,1,-999,-999,-999
19,4,3,3,4,4,4
19,1,2,1,3,3,3
19,1,1,1,1,1,1
19,2,3,1,1,2,2
19,-999,-999,-999,-999,-999,-999
19,2,2,2,2,1,1
19,-999,-999,-999,-999,-999,-999
19,4,-999,-999,3,-999,-999
19,-999,-999,-999,-999,-999,-999
19,5,-999,-999,5,-999,-999
19,-999,-999,1,-999,-999,1
19,4,2,2,2,2,2
19,3,3,3,3,3,3
19,1,3,1,1,1,1
19,5,5,5,2,4,4
19,-999,-999,-999,-999,-999,-999
19,4,4,1,2,2,1
19,-999,-999,-999,1,2,-999
19,-999,-999,-999,4,-999,-999
19,2,2,2,1,2,1
19,2,4,5,4,3,5
19,2,2,-999,3,4,3
20,5,5,5,5,-999,-999
20,3,2,2,1,1,3
20,4,4,4,1,2,2
20,-999,-999,-999,-999,-999,-999
20,4,5,5,5,1,5
20,1,1,1,1,1,1
20,2,2,1,1,1,2
20,-999,-999,-999,-999,-999,-999
20,3,3,3,3,3,3
20,1,1,1,1,1,4
20,-999,-999,-999,5,5,-999
20,5,5,5,5,5,5
20,1,1,1,1,1,1
20,1,1,1,1,1,1
20,1,1,1,2,1,2
20,1,5,5,1,1,1
20,1,1,1,1,1,1
20,3,3,3,2,2,2
20,3,3,3,2,-999,1
20,4,4,4,5,5,5
20,5,4,3,3,-999,3
20,3,2,3,2,2,5
20,3,1,2,2,2,3
20,5,5,4,1,1,1
20,1,1,1,1,1,1
20,4,2,4,3,3,3
20,2,3,1,4,4,3
20,2,2,2,2,2,2
20,4,5,4,1,1,1
20,5,3,4,4,4,5
20,3,3,2,4,4,3
21,3,3,2,2,2,2
21,3,3,3,-999,-999,-999
21,1,1,1,1,1,1
21,-999,-999,-999,-999,-999,-999
21,5,5,5,5,5,5
21,-999,-999,-999,-999,-999,-999
21,1,1,1,3,2,2
21,3,3,3,5,5,5
21,-999,-999,-999,-999,-999,-999
21,-999,-999,-999,-999,-999,-999
21,-999,-999,3,3,-999,2
21,-999,-999,-999,-999,-999,-999
21,3,4,5,5,4,-999
21,-999,-999,-999,-999,-999,-999
21,2,-999,2,-999,-999,-999
21,-999,-999,-999,-999,-999,-999
21,-999,-999,-999,-999,-999,-999
21,2,2,5,-999,-999,-999
21,-999,-999,-999,-999,-999,-999
21,1,5,1,1,1,5
21,4,4,4,4,3,2
21,2,2,1,2,2,1
21,5,5,5,-999,-999,-999
21,1,1,3,5,5,5
21,5,4,2,1,1,2
21,4,3,4,3,3,2
21,3,3,3,-999,-999,2
21,4,3,4,3,3,3
21,3,1,1,3,3,3
21,5,5,4,5,5,5
22,4,3,4,5,4,1
22,5,1,5,4,5,5
22,5,5,5,3,3,5
22,5,5,5,5,5,5
22,2,1,1,3,1,3
22,5,3,3,4,4,4
22,-999,-999,-999,-999,-999,-999
22,-999,-999,-999,-999,-999,-999
22,3,1,2,2,2,2
22,1,2,3,1,2,-999
22,4,4,4,1,1,1
22,2,2,2,5,5,5
22,4,4,1,4,4,4
22,4,4,4,2,3,2
22,2,2,3,1,3,5
22,2,5,2,1,3,2
22,5,5,5,5,5,5
22,1,1,1,1,1,1
22,5,5,5,3,3,1
22,5,4,3,4,1,1
22,3,3,3,3,3,2
22,3,3,3,3,3,3
22,2,2,2,2,3,2
22,5,5,4,2,2,4
22,4,3,2,4,3,-999
22,4,4,4,4,-999,-999
22,4,2,4,3,3,5
22,3,4,3,2,2,1
22,3,1,4,4,3,4
22,3,3,4,3,3,2
22,4,4,4,4,4,4
22,3,3,3,4,4,4
23,1,1,1,1,1,1
23,1,4,5,3,5,2
23,4,3,1,4,4,2
23,-999,-999,-999,-999,-999,-999
23,-999,1,1,1,1,1
23,2,2,2,2,2,2
23,2,1,2,2,1,2
23,4,4,4,4,4,4
23,3,3,4,3,2,3
23,4,2,2,4,3,4
23,1,1,1,3,3,1
23,-999,5,5,1,2,1
23,4,4,2,5,5,4
23,5,5,2,5,5,4
23,1,1,1,2,1,1
23,2,2,3,1,1,4
23,2,4,3,2,1,4
23,1,-999,1,1,1,2
23,-999,-999,-999,-999,-999,-999
23,3,3,1,1,1,2
23,3,3,3,4,2,3
23,2,1,1,1,1,4
23,3,1,3,4,4,4
23,3,2,3,1,3,4
23,4,4,4,4,4,4
23,1,2,1,1,2,2
23,-999,-999,-999,-999,-999,-999
23,-999,-999,-999,-999,-999,-999
23,2,2,2,2,2,1
23,2,2,1,2,2,2
23,4,3,4,5,4,4
23,1,1,1,2,3,3
24,5,5,5,5,5,5
24,3,3,3,5,5,4
24,-999,-999,-999,-999,-999,-999
24,4,4,4,4,4,1
24,5,-999,-999,5,-999,-999
24,1,2,2,1,1,3
24,3,3,4,2,3,3
24,-999,-999,-999,-999,-999,-999
24,3,3,3,1,3,3
24,5,5,5,5,5,5
24,3,3,3,-999,-999,-999
24,5,1,5,1,1,1
24,-999,-999,-999,-999,-999,-999
24,1,1,1,1,1,4
24,2,2,-999,2,2,1
24,4,4,4,4,4,4
24,2,4,2,4,3,3
24,3,3,3,3,3,4
24,-999,4,4,4,3,-999
24,1,1,1,-999,-999,-999
24,5,5,-999,1,1,1
24,-999,-999,-999,-999,-999,-999
24,5,5,5,5,5,-999
24,5,3,3,4,3,4
24,1,1,-999,1,3,-999
24,4,4,4,4,4,4
24,3,3,4,3,3,3
24,5,4,3,1,1,1
24,2,2,2,4,4,4
24,3,3,3,3,3,3
24,2,4,1,4,4,-999
24,5,5,5,3,3,3
24,5,5,5,4,4,4
24,5,4,5,5,5,2
25,4,1,1,1,2,2
25,4,4,-999,4,4,4
25,-999,-999,-999,-999,-999,-999
25,2,2,1,1,1,2
25,2,-999,-999,1,-999,-999
25,-999,-999,-999,3,-999,-999
25,2,2,2,3,2,3
25,-999,-999,-999,-999,-999,-999
25,3,2,2,3,2,2
26,1,1,1,3,1,1
26,4,4,4,5,5,5
26,1,1,1,1,1,1
26,1,1,1,1,1,1
26,1,1,1,1,1,1
26,2,2,1,2,1,2
26,1,1,1,1,1,1
27,5,5,5,4,4,5
27,2,3,2,4,3,2
27,3,3,3,4,4,3
27,5,5,4,4,4,4
27,3,3,2,4,4,-999
27,3,2,1,3,2,1
27,1,1,1,1,1,2
27,5,4,3,3,4,2
27,5,5,3,5,4,2
27,4,4,4,4,4,3
27,4,3,2,2,1,2
27,2,2,2,4,4,1
27,5,5,5,5,5,5
27,4,-999,3,3,3,3
27,5,4,1,3,4,4
27,5,5,5,5,5,2
27,5,5,4,4,4,4
27,4,3,2,2,3,3
27,3,2,3,1,5,5
27,4,4,3,3,2,3
27,1,4,4,4,4,2
27,5,3,2,5,3,1
27,3,4,2,3,2,3
27,4,4,4,3,3,3
27,5,3,3,3,4,5
27,5,4,1,5,5,5
27,4,4,3,4,4,4
27,4,3,3,5,5,5
27,5,5,5,5,5,2
27,4,4,4,4,4,3
27,4,5,4,5,5,4
27,5,1,2,2,2,2
27,5,3,5,3,3,4
27,4,4,3,4,2,4
27,4,1,1,3,3,3
28,1,2,1,1,1,1
28,-999,-999,-999,-999,-999,-999
28,-999,-999,-999,-999,-999,-999
28,1,1,1,2,2,1
28,-999,-999,-999,-999,-999,-999
28,3,3,3,2,2,2
28,-999,-999,-999,-999,-999,-999
28,2,1,2,2,2,1
28,-999,-999,-999,-999,-999,-999
28,3,3,2,2,2,2
28,4,4,4,4,4,4
28,4,4,-999,4,4,4
28,3,3,3,1,1,1
28,1,-999,-999,2,2,-999
28,4,4,1,1,1,4
28,4,4,4,1,1,3
29,2,1,1,2,1,3
29,1,1,1,1,1,1
29,2,1,1,1,1,1
29,1,1,1,3,3,2
30,2,2,3,2,2,2
30,-999,-999,-999,-999,-999,-999
30,-999,-999,-999,-999,-999,-999
30,-999,-999,-999,-999,-999,-999
31,5,5,5,4,4,1
31,-999,-999,-999,-999,-999,-999
31,3,-999,5,5,4,5
31,3,3,4,4,4,5
31,5,5,4,5,4,5
31,4,5,1,5,5,5
31,4,2,3,5,4,5
31,3,1,3,1,1,3
31,3,3,2,3,3,5
31,4,4,4,2,4,4
31,3,3,2,4,5,5
31,5,5,4,4,5,5
31,4,4,4,2,3,2
31,4,-999,1,1,1,1
31,5,4,4,5,2,4
31,4,4,4,4,4,4
31,4,3,2,4,4,4
31,4,4,4,4,4,4
31,2,2,2,1,1,2
31,1,1,1,1,2,2
31,5,5,4,5,4,-999
31,2,3,3,4,3,2
31,5,4,4,5,3,4
31,5,5,4,5,5,5
31,4,4,3,3,4,5
31,3,2,2,3,3,3
31,5,5,5,5,1,1
31,5,4,2,2,2,4
31,5,4,1,5,3,5
31,5,5,5,4,5,5
31,5,5,2,5,5,5
31,1,1,2,2,2,2
31,4,4,4,4,4,-999
31,5,5,5,5,-999,-999
32,1,1,1,4,2,4
32,1,1,1,2,2,4
32,4,2,4,-999,-999,-999
32,-999,-999,-999,2,-999,-999
32,2,2,2,2,2,2
32,5,4,5,5,5,-999
32,1,2,2,1,1,2
32,2,2,2,2,2,2
32,2,2,2,4,4,3
32,1,1,1,1,4,1
32,4,4,4,2,2,2
32,-999,-999,-999,-999,-999,-999
32,1,2,4,4,1,5
32,-999,-999,-999,-999,-999,-999
32,4,4,4,3,3,3
32,-999,-999,-999,1,-999,-999
32,4,1,4,1,2,3
32,1,1,1,1,1,1
32,5,5,4,3,1,1
32,5,5,5,2,4,5
32,-999,-999,-999,-999,-999,-999
32,4,1,3,3,-999,3
32,2,2,1,2,2,1
32,4,4,4,2,2,2
32,1,2,2,2,2,1
32,3,3,3,2,2,2
33,1,2,3,1,3,3
33,2,2,1,3,3,3
33,2,3,2,4,4,4
33,5,5,5,2,-999,1
33,1,1,1,1,1,5
33,-999,-999,-999,-999,-999,-999
33,3,2,-999,3,3,3
33,1,1,1,2,2,1
33,3,3,3,3,3,3
34,1,1,1,1,1,2
34,1,1,1,1,1,1
34,-999,-999,-999,4,4,3
34,3,5,5,5,3,4
34,-999,-999,-999,2,-999,-999
34,4,4,4,4,-999,-999
34,2,2,2,2,2,2
34,5,5,5,5,5,5
35,-999,-999,-999,-999,-999,-999
35,3,3,2,4,1,5
35,-999,-999,-999,-999,-999,-999
35,5,5,4,5,5,5
35,5,3,3,2,2,2
35,5,5,5,5,5,5
35,4,3,3,3,2,3
35,2,2,2,3,3,3
35,5,5,2,4,5,-999
35,4,4,4,3,3,4
35,-999,-999,-999,-999,-999,-999
35,-999,-999,-999,-999,-999,-999
35,5,-999,5,5,5,5
35,-999,-999,-999,-999,-999,-999
35,-999,-999,-999,-999,-999,-999
35,4,3,3,1,1,5
35,4,4,4,5,5,4
35,5,5,5,4,4,5
35,-999,-999,-999,-999,-999,-999
35,3,3,4,4,3,1
35,2,2,2,1,1,1
35,5,5,3,4,4,5
35,5,5,5,5,5,4
35,4,4,4,4,4,5
35,-999,-999,-999,-999,-999,-999
35,-999,-999,-999,-999,-999,-999
35,-999,-999,-999,-999,-999,-999
35,5,4,5,5,5,5
35,4,4,1,4,4,4
35,5,3,3,4,3,4
35,-999,-999,-999,-999,-999,-999
35,5,4,2,4,4,3
35,4,5,3,5,4,5
36,-999,-999,-999,-999,-999,-999
36,-999,-999,-999,-999,-999,-999
36,-999,-999,-999,-999,-999,-999
36,-999,-999,-999,-999,-999,-999
36,-999,-999,-999,-999,-999,-999
36,-999,-999,-999,-999,-999,-999
36,-999,3,-999,4,4,4
36,-999,-999,-999,-999,-999,-999
36,1,1,1,1,1,1
37,-999,-999,-999,-999,-999,-999
37,-999,-999,-999,-999,-999,-999
37,-999,-999,-999,-999,-999,-999
37,-999,-999,-999,-999,-999,-999
37,3,3,5,-999,-999,-999
37,-999,-999,-999,-999,-999,-999
37,-999,-999,-999,-999,-999,-999
38,3,5,4,4,-999,2
38,3,3,2,3,3,1
38,2,1,1,2,3,1
38,1,1,1,2,1,1
38,2,2,1,2,3,1
38,-999,-999,4,2,-999,-999
38,3,3,3,1,2,2
38,3,1,-999,1,1,3
38,2,2,2,2,2,1
38,4,4,5,4,5,5
38,3,3,3,4,3,1
38,4,4,4,4,4,4
38,4,4,4,2,2,3
38,1,2,2,4,4,4
38,4,2,2,2,2,3
38,3,3,3,3,3,1
38,1,3,1,3,1,1
38,3,3,2,4,3,3
38,5,4,5,1,2,1
38,2,1,1,1,1,3
38,-999,-999,-999,-999,-999,-999
38,1,3,3,1,3,3
38,-999,-999,-999,-999,-999,-999
38,-999,-999,-999,-999,-999,-999
38,4,4,2,4,3,1
38,-999,-999,4,5,5,5
38,4,4,4,4,4,4
38,3,3,3,3,5,5
39,1,4,4,4,4,4
39,1,1,2,1,1,3
39,4,4,3,5,5,5
39,4,-999,4,1,2,1
39,5,5,5,3,-999,5
39,3,4,4,5,5,-999
39,-999,-999,-999,-999,-999,4
39,1,1,1,3,3,3
39,1,-999,1,1,1,2
39,-999,-999,-999,-999,-999,-999
39,2,1,1,2,2,2
39,4,2,2,1,-999,3
39,-999,-999,-999,-999,-999,-999
39,2,2,2,1,1,2
39,4,4,4,4,4,4
39,5,5,4,5,5,4
39,-999,-999,-999,3,-999,-999
39,5,5,5,5,5,5
39,4,3,3,4,4,4
39,5,3,5,5,5,4
39,4,4,4,3,3,3
39,5,3,4,3,3,3
39,2,2,2,2,2,2
39,5,5,5,4,4,4
39,4,4,4,4,4,4
39,5,5,5,4,4,5
39,4,4,4,-999,-999,-999
39,5,5,4,2,3,3
39,5,5,5,5,5,1
39,-999,4,4,5,5,3
39,5,5,5,5,4,5
39,2,2,1,5,5,5
39,2,5,1,2,3,2
40,-999,-999,-999,-999,-999,-999
40,-999,-999,-999,-999,-999,-999
40,4,2,1,3,3,3
40,5,5,5,5,5,5
40,5,5,5,5,5,1
40,-999,-999,-999,-999,-999,-999
40,5,4,1,4,4,5
40,-999,-999,-999,-999,-999,-999
40,5,5,5,5,5,5
40,-999,-999,-999,-999,-999,-999
40,5,3,3,4,4,5
40,-999,-999,-999,-999,-999,-999
40,1,5,3,5,5,1
40,5,4,4,3,4,5
40,-999,-999,-999,-999,-999,-999
40,5,1,1,4,3,1
40,5,5,5,3,3,3
40,-999,-999,-999,-999,-999,-999
40,-999,-999,-999,-999,-999,-999
40,2,2,2,5,5,5
40,-999,-999,-999,-999,-999,-999
40,-999,-999,-999,-999,-999,-999
40,3,4,3,5,5,5
40,-999,-999,-999,-999,-999,-999
40,4,4,2,4,3,4
40,-999,-999,-999,-999,-999,-999
40,3,3,2,3,3,3
40,3,3,1,4,4,5
40,-999,-999,-999,-999,-999,-999
41,1,4,1,4,4,4
41,3,2,3,-999,-999,-999
41,5,4,4,3,3,4
41,2,2,2,3,3,3
41,-999,-999,-999,-999,-999,-999
41,-999,-999,-999,-999,-999,-999
41,3,4,4,1,1,2
41,-999,-999,-999,-999,-999,-999
41,3,3,3,3,3,3
41,4,4,4,4,4,4
41,2,2,2,3,3,3
41,1,4,2,3,3,1
41,5,3,1,5,5,5
41,3,1,1,3,5,5
41,2,5,4,2,3,4
41,4,4,4,4,4,4
41,4,4,5,4,4,4
41,5,5,5,5,5,5
41,2,5,3,2,4,5
41,4,-999,4,4,-999,-999
41,5,1,2,1,2,2
41,1,1,3,-999,-999,-999
41,-999,-999,-999,-999,-999,-999
41,-999,-999,-999,5,-999,-999
41,4,3,4,2,2,3
41,1,1,1,3,3,3
41,1,1,1,1,1,1
41,-999,-999,-999,-999,-999,-999
41,1,2,2,2,2,1
41,-999,-999,-999,-999,-999,-999
41,-999,-999,3,-999,-999,-999
41,-999,-999,-999,-999,-999,-999
41,-999,-999,-999,-999,-999,-999
42,-999,-999,-999,-999,-999,-999
42,3,3,1,1,1,-999
42,-999,-999,-999,-999,-999,-999
42,-999,1,-999,-999,1,-999
42,4,3,4,4,4,2
42,-999,-999,4,-999,-999,5
42,-999,3,-999,-999,-999,3
43,5,2,-999,4,4,4
43,1,1,1,1,1,1
43,-999,-999,-999,-999,-999,-999
43,5,5,5,5,5,5
43,-999,-999,-999,-999,-999,-999
43,5,5,5,5,5,5
43,1,1,1,5,5,4
43,4,2,2,5,5,-999
43,5,5,5,5,5,5
43,2,4,4,2,2,2
43,5,3,3,3,3,4
43,5,4,1,3,3,5
43,-999,-999,-999,-999,-999,-999
43,-999,-999,-999,-999,-999,-999
43,1,3,1,3,3,3
43,4,4,1,4,4,4
43,4,3,2,2,4,1
43,4,4,4,3,4,3
43,5,3,4,5,5,5
43,5,5,4,5,3,4
43,4,4,4,4,4,4
43,5,5,5,5,5,5
43,4,4,1,5,4,5
43,-999,5,5,4,5,5
43,4,4,4,3,4,4
43,5,5,5,1,1,5
43,4,4,4,4,4,3
43,1,1,1,4,5,5
43,4,4,3,4,3,4
43,1,3,3,3,4,4
43,4,2,1,5,5,-999
43,4,4,4,4,4,4
44,4,4,4,4,4,4
44,1,2,2,4,1,-999
44,4,5,4,5,5,5
44,-999,-999,-999,-999,-999,-999
44,3,4,5,5,1,3
44,3,2,3,2,2,3
44,5,5,5,5,5,5
44,1,1,1,4,4,4
44,2,2,2,4,-999,4
44,4,2,2,4,4,4
44,4,5,1,4,4,4
44,4,3,3,4,4,5
44,5,5,5,5,5,4
44,1,1,1,1,1,1
44,5,4,3,5,4,2
44,2,1,2,4,1,5
44,5,4,4,3,2,4
44,2,4,1,3,-999,4
44,5,4,3,4,4,5
44,5,3,3,2,3,1
44,5,5,5,5,4,3
44,1,2,2,1,2,3
44,5,4,4,2,2,4
44,4,4,4,4,4,4
44,4,4,4,1,1,5
44,4,4,4,3,2,2
44,2,3,2,3,3,3
44,3,1,4,4,4,4
44,5,1,5,5,5,1
44,5,4,2,5,5,5
44,5,5,5,5,5,5
44,5,5,4,5,4,5
44,5,5,5,5,5,5
45,-999,-999,-999,-999,-999,-999
45,-999,-999,-999,-999,-999,-999
45,-999,-999,-999,-999,-999,-999
45,-999,-999,-999,-999,-999,-999
45,5,5,5,5,5,5
45,-999,-999,-999,-999,-999,-999
45,-999,-999,-999,-999,-999,-999
45,-999,-999,-999,-999,-999,-999
45,-999,-999,-999,-999,-999,-999
45,-999,-999,-999,-999,-999,-999
45,-999,-999,-999,-999,-999,-999
45,-999,-999,-999,-999,-999,-999
45,-999,-999,-999,-999,-999,-999
45,-999,-999,-999,-999,-999,-999
45,4,4,1,3,3,5
45,-999,-999,-999,-999,-999,-999
45,5,2,5,4,3,5
45,3,3,2,5,5,4
45,3,4,3,4,4,4
45,4,4,3,4,4,4
45,4,4,3,4,4,4
45,5,5,5,5,5,5
45,2,2,2,4,4,4
45,-999,-999,-999,-999,-999,-999
45,5,5,-999,-999,-999,-999
45,-999,-999,-999,-999,-999,-999
45,5,5,5,5,4,5
45,-999,-999,-999,-999,-999,-999
45,3,1,1,3,3,4
45,4,4,4,3,3,5
45,-999,-999,-999,-999,-999,-999
45,3,2,2,5,5,5
45,5,4,4,2,1,2
46,1,3,1,5,1,5
46,4,3,5,1,2,1
46,5,5,5,5,5,5
46,3,4,4,5,5,5
46,4,4,4,5,5,5
46,5,1,4,4,5,5
46,4,1,2,5,3,4
46,-999,-999,-999,-999,-999,-999
46,5,5,3,5,5,5
46,4,4,1,5,5,5
46,5,5,5,5,5,5
46,5,2,2,2,4,3
46,4,2,2,2,2,4
46,5,4,4,5,-999,5
46,5,5,4,4,2,3
46,4,4,4,4,4,4
46,5,4,3,4,5,5
46,5,5,5,4,4,4
46,1,1,1,1,1,1
46,5,4,4,4,4,4
46,3,5,4,4,4,4
46,1,3,3,2,4,2
46,-999,-999,-999,-999,-999,-999
46,4,4,4,2,2,5
46,4,4,4,4,4,4
46,2,4,4,4,4,4
46,1,1,1,2,2,2
46,2,2,2,2,2,2
46,3,1,1,3,3,2
46,5,4,3,5,5,5
46,4,5,2,5,3,5
46,3,2,3,2,2,2
46,5,2,5,5,5,5
47,-999,3,4,1,1,2
47,1,1,2,2,1,1
47,1,2,1,2,2,5
47,5,5,3,3,3,3
47,1,4,3,2,2,4
47,-999,-999,-999,-999,-999,-999
47,2,4,4,4,4,1
47,1,1,1,1,2,2
47,-999,-999,-999,-999,-999,-999
47,2,2,2,-999,-999,-999
47,-999,-999,-999,1,-999,1
47,5,5,5,3,3,3
47,4,2,1,3,4,4
47,2,2,2,-999,-999,-999
47,5,4,4,4,4,1
47,1,-999,-999,1,-999,5
47,2,1,1,1,1,2
47,-999,-999,-999,3,-999,-999
47,2,4,3,1,1,-999
47,1,-999,-999,-999,-999,-999
48,-999,-999,-999,-999,-999,-999
48,-999,-999,-999,-999,-999,-999
48,5,4,4,2,4,5
48,1,1,1,5,5,5
48,2,2,2,4,4,4
48,5,4,4,5,5,1
48,-999,-999,-999,4,-999,-999
48,-999,1,1,-999,-999,-999
48,5,1,5,5,5,5
48,4,4,4,4,4,4
48,4,4,4,4,4,4
48,5,5,5,4,4,4
48,1,1,1,4,4,4
48,3,3,3,4,3,3
48,4,4,4,4,4,4
48,5,5,5,4,4,4
48,-999,-999,-999,-999,2,-999
48,5,3,3,5,5,5
48,4,4,4,4,3,3
48,4,4,4,3,3,5
49,5,5,5,-999,3,-999
49,2,1,2,5,4,4
49,4,4,4,4,4,4
49,-999,-999,-999,-999,-999,-999
49,4,4,3,3,3,3
49,5,2,2,3,3,3
49,4,1,1,4,4,4
49,5,5,2,3,3,1
49,5,3,3,4,4,5
49,4,1,4,3,4,2
49,4,4,4,3,3,4
49,3,4,3,4,4,4
49,5,5,5,1,1,1
49,4,4,4,4,4,4
49,5,3,3,4,4,3
49,5,5,5,4,5,5
49,5,5,5,5,5,5
49,4,4,1,4,3,4
49,4,4,3,1,3,5
49,-999,-999,-999,-999,-999,-999
49,5,1,1,5,5,5
49,5,5,5,5,5,4
49,1,5,5,2,1,2
49,5,5,5,5,5,5
49,-999,-999,-999,-999,-999,-999
49,4,4,3,2,2,4
49,3,4,3,4,3,3
49,-999,2,2,2,3,3
49,5,5,5,5,5,5
49,5,4,4,5,3,5
49,4,4,4,1,5,5
51,5,5,5,4,5,4
51,5,1,4,5,5,5
51,4,3,3,2,2,5
51,-999,-999,-999,1,-999,-999
51,1,1,1,4,1,4
51,3,3,3,4,4,1
51,5,5,5,3,2,4
51,1,1,1,1,1,1
51,4,4,3,3,3,4
51,3,3,2,3,3,3
51,4,1,1,3,2,3
51,5,-999,5,5,-999,4
51,1,1,1,3,1,3
51,3,2,3,4,4,4
51,2,2,2,4,3,1
51,4,1,1,4,4,4
51,3,2,2,4,1,4
51,4,4,4,5,5,5
51,4,4,4,3,4,4
51,3,3,3,3,3,2
51,3,3,3,-999,-999,2
51,5,5,5,5,5,5
51,3,3,3,3,3,1
51,4,4,4,2,2,4
51,3,4,2,1,2,3
51,2,3,4,3,2,3
51,5,5,4,4,4,5
51,3,4,4,4,4,4
52,3,3,5,1,3,2
52,-999,-999,-999,-999,-999,-999
52,-999,-999,-999,-999,-999,-999
52,4,-999,4,5,5,-999
52,4,3,3,4,3,2
52,1,1,1,2,2,-999
52,5,5,5,5,5,5
52,3,3,3,2,2,2
52,4,3,2,2,3,4
52,5,5,5,2,2,2
52,1,1,3,2,2,2
52,-999,-999,-999,4,4,4
52,3,4,5,2,3,1
52,5,5,4,5,5,5
52,-999,-999,-999,-999,-999,-999
53,2,1,1,-999,-999,-999
53,1,1,1,1,2,3
53,1,3,2,3,3,3
53,4,4,4,4,4,4
53,1,1,1,1,1,2
53,4,4,4,4,4,4
53,3,-999,2,3,2,2
53,4,3,4,4,5,4
53,5,5,5,5,5,5
53,-999,-999,-999,-999,-999,-999
53,4,4,1,1,1,5
53,3,2,3,5,5,5
53,3,3,3,3,3,3
53,-999,-999,-999,-999,-999,-999
53,3,3,3,3,3,3
53,1,1,2,1,1,1
53,5,5,-999,3,3,5
53,4,4,3,4,4,3
53,-999,-999,-999,-999,2,-999
53,-999,-999,-999,-999,-999,-999
53,4,1,2,4,4,4
53,-999,-999,-999,1,4,5
53,4,4,4,5,5,3
53,4,1,1,3,3,1
53,5,4,4,4,4,5
53,3,3,1,4,4,3
53,2,2,2,4,4,5
53,4,4,4,4,4,4
53,3,5,5,5,5,2
53,5,5,5,4,5,4
54,5,3,4,5,3,5
54,4,5,4,4,5,5
54,4,5,5,5,4,5
54,5,3,3,5,1,3
54,4,4,4,4,4,2
54,5,4,2,2,2,2
54,5,5,4,5,5,4
54,4,4,4,5,4,4
54,4,4,2,5,2,2
54,5,5,5,5,5,3
54,5,5,5,4,4,5
54,4,5,4,4,2,5
54,5,3,2,4,4,4
54,5,5,5,5,2,5
54,2,3,3,5,4,5
54,5,3,2,4,5,4
54,5,2,1,5,5,5
54,5,4,3,5,5,5
54,5,5,1,5,4,5
54,5,5,5,5,5,5
54,3,4,3,3,3,3
54,4,2,1,4,4,5
54,4,4,1,1,1,4
54,5,5,1,5,3,5
54,4,4,4,3,3,3
54,5,2,3,3,3,3
54,5,5,5,5,5,5
54,4,1,2,5,1,5
54,5,5,2,5,5,3
54,5,5,4,4,5,5
54,3,4,5,4,2,3
54,5,3,4,4,3,4
55,-999,-999,-999,-999,-999,-999
55,-999,-999,-999,-999,-999,-999
55,5,5,5,5,5,5
55,5,5,5,5,5,5
55,-999,-999,-999,-999,-999,-999
55,-999,-999,-999,-999,-999,-999
55,-999,-999,-999,2,1,-999
55,3,3,3,3,3,4
55,-999,-999,-999,-999,-999,-999
55,3,3,3,1,1,1
55,2,2,2,1,1,2
55,1,-999,-999,-999,-999,-999
55,-999,-999,-999,-999,-999,-999
55,-999,-999,-999,-999,-999,-999
55,-999,-999,-999,-999,-999,-999
55,-999,-999,-999,-999,-999,-999
57,-999,-999,-999,-999,-999,-999
57,5,2,4,1,2,1
57,-999,-999,-999,-999,-999,-999
57,-999,2,2,2,1,2
57,2,1,1,2,1,3
57,-999,-999,-999,5,5,-999
57,3,3,1,3,3,2
58,2,2,2,4,4,4
58,3,3,4,2,2,3
58,-999,-999,-999,-999,-999,-999
58,-999,-999,-999,-999,-999,-999
58,-999,-999,-999,-999,-999,-999
58,-999,-999,-999,-999,-999,-999
58,-999,-999,-999,-999,-999,-999
58,3,3,3,-999,-999,-999
58,-999,-999,-999,-999,-999,-999
58,1,1,1,2,2,2
58,4,3,3,3,3,3
58,-999,-999,-999,-999,-999,-999
58,-999,-999,-999,-999,-999,-999
58,-999,-999,-999,-999,-999,-999
58,-999,-999,-999,-999,-999,-999
58,-999,-999,-999,-999,-999,-999
58,1,1,1,1,1,1
59,2,2,2,4,4,4
59,-999,-999,-999,-999,-999,-999
59,-999,-999,-999,-999,-999,-999
59,4,3,2,3,3,4
59,5,3,1,1,1,2
59,1,2,3,1,1,1
59,-999,-999,-999,-999,-999,-999
59,-999,-999,-999,-999,-999,-999
59,3,3,3,2,2,2
59,1,1,1,1,1,1
60,1,1,3,1,1,4
60,2,3,3,-999,1,3
60,4,4,1,5,5,4
60,-999,-999,-999,-999,-999,-999
60,3,3,2,1,1,5
60,4,4,4,4,4,4
60,1,1,1,3,3,3
60,1,1,1,5,5,5
60,4,4,1,5,5,5
60,5,5,5,5,5,5
60,4,4,3,3,2,4
60,2,2,2,4,4,4
60,5,5,4,4,4,5
60,5,1,4,4,4,4
60,1,4,4,1,1,1
60,5,5,3,4,4,2
60,4,4,4,4,4,4
60,3,3,1,4,4,5
60,5,5,5,4,4,4
60,2,2,2,2,3,3
60,5,5,4,4,5,4
60,3,3,3,3,3,3
60,4,4,1,2,2,3
60,1,1,1,4,4,4
60,5,5,5,2,3,4
60,4,-999,1,3,3,5
60,2,3,-999,3,3,5
60,5,5,5,5,5,5
60,5,4,4,5,5,5
60,4,4,3,4,3,3
60,4,4,3,4,2,4
60,1,2,1,2,2,4
60,3,4,3,5,4,5
60,4,3,1,4,4,4
61,-999,-999,-999,-999,-999,-999
61,1,1,1,-999,-999,-999
61,4,4,4,4,4,4
61,-999,-999,-999,-999,-999,-999
61,5,5,5,5,5,5
61,-999,-999,-999,-999,-999,-999
61,4,4,4,4,4,4
61,2,2,-999,-999,-999,2
61,2,1,1,5,4,5
61,5,4,3,1,1,1
61,3,4,4,1,5,5
61,5,5,5,5,5,5
61,1,2,2,1,1,2
61,-999,-999,-999,-999,-999,-999
61,1,1,1,-999,-999,-999
61,-999,-999,-999,-999,-999,-999
61,5,5,5,2,2,2
61,-999,-999,-999,-999,-999,-999
61,3,3,3,1,2,2
61,-999,-999,-999,-999,-999,-999
61,5,4,3,2,1,4
61,4,5,5,5,5,4
61,4,4,4,4,4,4
61,-999,-999,-999,-999,-999,-999
61,2,2,-999,4,4,4
61,4,4,4,4,2,2
61,1,1,1,3,2,3
61,-999,-999,-999,-999,-999,-999
61,-999,-999,-999,-999,-999,-999
61,-999,-999,-999,-999,-999,-999
61,5,5,5,5,5,5
61,-999,-999,-999,-999,-999,-999
62,4,1,4,1,1,1
62,3,2,2,1,1,3
62,4,4,4,4,4,4
62,5,5,3,3,3,-999
62,5,5,4,3,3,3
62,5,5,5,5,5,5
62,5,5,4,5,3,4
62,5,5,3,4,4,3
62,4,4,1,2,2,3
62,3,4,4,5,5,5
62,5,3,2,3,2,4
62,4,3,4,4,4,5
62,4,4,3,4,2,4
62,5,5,4,5,5,4
62,5,5,5,5,5,5
62,5,5,5,4,5,5
62,4,5,5,5,5,5
62,4,4,4,4,3,4
62,5,4,4,4,3,3
62,4,4,4,4,4,4
62,5,5,5,5,5,5
62,4,5,3,3,4,3
62,5,5,5,5,5,5
62,4,4,4,4,4,4
62,5,5,5,5,1,5
62,5,5,2,4,4,4
62,5,4,4,5,4,4
62,5,3,2,2,1,1
62,4,2,2,3,2,3
62,4,4,4,4,4,3
62,4,5,2,4,4,3
62,5,5,4,5,5,5
62,5,5,5,5,4,5
62,3,3,4,2,2,2
62,5,5,4,4,3,3
63,1,1,1,1,1,1
63,1,1,1,1,1,1
63,1,1,1,1,1,1
63,2,3,5,1,1,3
63,-999,-999,-999,-999,-999,-999
63,4,4,4,4,4,4
63,-999,-999,-999,-999,-999,-999
63,1,1,1,-999,-999,-999
63,-999,-999,-999,-999,-999,-999
63,-999,-999,-999,-999,-999,-999
63,2,2,2,4,4,4
64,4,4,1,4,-999,4
64,3,3,3,3,3,3
64,4,3,2,2,2,3
64,1,3,1,1,1,4
64,1,1,1,1,1,1
64,2,3,3,2,2,2
64,4,4,4,3,3,1
64,5,5,5,5,5,5
64,4,4,4,4,3,2
64,3,1,1,3,3,1
64,5,5,5,1,1,1
64,1,3,3,3,3,1
64,-999,5,-999,5,4,4
64,3,1,1,2,-999,-999
64,5,5,5,5,5,5
64,1,1,1,2,2,1
64,4,1,4,2,2,5
64,-999,-999,-999,-999,-999,-999
64,3,3,3,3,-999,2
64,-999,-999,-999,-999,-999,-999
64,5,3,2,2,3,1
64,4,4,4,4,4,4
64,2,2,2,3,3,3
64,3,3,3,3,1,3
64,3,3,3,4,3,5
64,4,3,3,3,3,3
64,4,4,5,5,5,5
64,3,1,3,3,3,3
64,3,-999,3,4,4,4
64,4,4,3,3,3,4
65,2,-999,-999,2,-999,-999
65,4,5,5,4,4,1
65,4,3,2,4,1,3
65,3,3,1,1,4,1
65,5,5,5,4,5,5
65,2,4,2,5,5,1
65,4,3,3,4,3,5
65,2,2,2,2,2,2
65,4,2,3,3,2,5
65,3,2,1,4,3,3
65,4,3,3,3,4,5
65,2,5,3,3,1,1
65,1,1,1,4,4,-999
65,-999,-999,-999,-999,-999,-999
65,1,1,1,1,1,5
65,-999,5,5,2,2,4
65,3,2,2,-999,-999,-999
65,-999,-999,-999,-999,-999,-999
65,-999,-999,-999,-999,-999,-999
65,3,3,3,3,2,-999
65,-999,-999,-999,-999,-999,-999
65,1,1,1,5,5,5
65,2,2,1,1,1,2
65,2,4,1,2,2,3
65,1,1,1,1,2,2
65,2,1,1,1,1,1
65,5,4,4,4,1,4
65,4,4,3,4,4,3
65,2,3,3,4,5,5
65,2,4,5,2,1,-999
65,4,3,3,5,3,4
65,3,2,3,4,4,4
66,-999,-999,-999,-999,-999,-999
66,-999,-999,-999,-999,-999,-999
66,1,1,1,1,2,4
66,-999,-999,-999,-999,-999,-999
66,1,1,1,2,2,2
66,3,3,3,1,2,2
66,-999,-999,-999,-999,-999,-999
66,-999,-999,-999,-999,-999,-999
66,4,4,4,4,5,4
66,3,2,3,2,2,2
66,-999,-999,-999,-999,-999,-999
66,3,2,2,2,3,4
66,-999,-999,-999,1,-999,-999
67,4,3,1,2,2,2
67,1,4,4,1,1,4
67,3,1,1,1,2,2
67,3,3,1,1,1,1
67,4,4,4,4,4,4
67,2,3,5,2,5,5
67,5,5,5,5,5,5
67,1,1,1,4,4,4
67,2,3,3,3,3,3
67,2,3,1,2,2,4
67,1,1,3,2,2,2
67,1,1,1,1,1,2
67,3,1,3,5,4,5
67,4,1,4,4,4,4
67,2,2,1,1,3,3
67,5,5,5,4,4,4
67,3,2,3,4,4,3
67,4,4,4,-999,-999,-999
67,5,5,5,4,4,5
67,3,4,3,3,3,3
67,4,3,3,5,5,4
67,5,5,5,3,1,1
67,5,5,5,5,5,5
67,2,2,2,2,2,2
67,4,4,4,4,4,4
67,3,3,3,2,2,2
67,4,4,4,3,3,3
67,1,3,5,-999,-999,-999
67,5,4,1,2,4,5
67,1,1,1,2,1,2
67,1,1,1,1,1,1
67,5,5,5,4,3,5
67,3,5,3,3,4,4
67,4,1,1,4,4,5
67,5,2,4,5,4,4
68,1,1,1,1,1,1
68,-999,-999,-999,-999,-999,-999
68,1,1,1,1,1,2
68,-999,-999,-999,-999,-999,-999
68,-999,-999,-999,-999,-999,-999
68,-999,-999,3,-999,-999,-999
68,-999,-999,-999,-999,-999,-999
68,4,4,4,5,5,5
68,-999,-999,-999,-999,-999,-999
68,-999,-999,-999,-999,-999,-999
68,-999,-999,-999,-999,-999,-999
68,-999,-999,-999,-999,-999,-999
68,-999,1,3,3,3,3
68,-999,-999,-999,-999,-999,-999
68,3,1,1,1,1,-999
68,5,4,4,3,3,4
68,4,4,3,4,4,5
68,-999,-999,-999,-999,2,-999
68,-999,-999,-999,-999,-999,-999
68,-999,-999,-999,-999,-999,-999
68,4,4,4,2,2,2
68,-999,-999,-999,-999,-999,-999
68,-999,-999,-999,1,-999,-999
68,1,3,4,4,4,4
68,1,1,1,2,1,1
68,3,3,3,3,1,1
68,-999,-999,-999,2,2,-999
68,1,1,1,1,1,1
68,2,2,2,2,2,2
68,3,1,1,2,2,1
69,-999,-999,-999,-999,-999,-999
69,1,1,1,2,1,1
69,3,1,3,1,1,5
69,2,3,1,4,3,2
69,1,1,1,1,1,1
69,5,5,5,5,5,5
69,-999,2,-999,-999,-999,2
69,2,2,1,1,1,3
69,1,1,1,1,1,2
69,1,1,1,3,3,3
69,4,4,4,4,4,4
69,5,3,4,4,4,5
69,2,1,1,2,2,1
69,5,4,3,5,5,5
69,2,1,1,2,1,1
69,-999,-999,-999,-999,-999,-999
69,3,2,2,3,2,1
69,3,1,1,3,3,3
69,4,4,4,3,3,3
69,4,3,3,3,2,2
69,4,1,1,4,4,4
69,1,1,1,3,1,1
69,5,4,3,3,3,3
69,5,5,5,5,5,5
69,1,3,1,1,1,4
69,-999,-999,-999,-999,-999,-999
69,2,2,2,5,2,1
69,5,5,5,5,5,5
69,3,3,3,2,2,5
69,3,4,3,3,2,2
69,4,4,4,5,5,-999
69,3,2,2,4,2,3
69,2,4,1,1,1,1
69,-999,-999,-999,-999,-999,-999
69,4,4,4,4,3,3
70,5,4,4,1,4,4
70,5,5,5,1,2,5
70,1,1,1,5,5,5
71,5,5,5,2,1,4
71,4,1,3,1,1,4
71,5,4,5,3,-999,4
71,5,5,5,5,5,2
71,5,5,5,4,2,4
71,4,4,4,3,3,3
71,1,2,2,1,1,2
71,2,2,1,2,1,2
71,3,3,3,4,4,4
71,4,4,4,-999,-999,-999
71,4,4,4,4,-999,1
71,4,2,2,3,2,3
71,-999,-999,-999,-999,-999,-999
71,4,4,4,4,3,4
71,5,5,4,5,5,4
71,4,4,3,4,4,3
71,1,1,1,2,2,2
71,1,1,1,2,2,2
71,5,5,1,5,5,5
71,4,4,4,4,4,5
71,-999,-999,-999,-999,-999,-999
71,-999,-999,-999,1,-999,-999
71,4,4,3,4,4,4
71,4,4,2,2,2,3
71,3,4,4,3,3,3
71,4,1,1,4,2,4
71,4,3,3,2,4,3
71,-999,-999,-999,-999,-999,-999
71,4,3,3,2,2,2
71,2,2,2,2,2,1
71,5,5,5,4,4,4
71,4,3,2,4,3,4
71,4,4,1,1,1,4
71,4,4,4,3,-999,4
71,4,4,1,2,2,3
73,-999,-999,-999,-999,-999,-999
73,3,1,1,3,4,4
73,4,4,3,5,3,-999
73,3,1,2,4,2,1
73,5,5,5,3,5,5
73,-999,-999,-999,-999,-999,-999
73,2,1,1,1,-999,1
73,1,2,2,1,1,2
73,3,3,1,-999,-999,2
73,2,2,2,2,2,2
73,5,5,5,3,5,5
73,3,4,4,5,5,5
73,1,1,1,1,1,1
73,4,5,4,4,5,5
73,3,3,2,1,2,2
73,3,3,3,3,3,3
73,-999,-999,5,-999,-999,-999
73,4,4,3,3,1,5
73,5,4,3,4,4,4
74,3,3,3,1,1,1
74,3,2,2,3,3,3
74,1,1,1,1,1,1
74,4,4,4,2,4,3
74,5,5,2,5,1,1
74,1,2,1,2,1,1
74,4,4,4,-999,3,3
74,3,3,3,4,4,4
74,3,3,1,1,1,1
74,5,5,4,1,1,3
74,4,4,4,5,4,4
74,2,2,-999,-999,4,4
74,4,3,4,3,4,4
74,1,1,1,3,3,3
74,5,5,5,3,3,5
74,3,3,5,3,4,4
74,5,5,5,5,5,5
74,1,1,1,1,1,1
74,3,3,3,3,3,2
74,4,4,3,4,3,4
74,5,3,5,5,1,1
74,1,2,1,2,1,2
74,3,4,3,2,2,2
74,1,-999,3,4,4,-999
74,4,4,1,5,4,1
74,1,2,2,3,2,1
74,5,5,5,5,5,5
74,1,1,1,2,2,2
74,4,4,-999,2,4,4
74,2,2,2,2,1,2
75,-999,-999,-999,-999,-999,-999
75,-999,-999,-999,-999,-999,-999
75,-999,-999,-999,-999,-999,-999
75,-999,-999,-999,-999,-999,-999
75,-999,-999,-999,-999,-999,-999
75,2,1,1,2,2,1
75,-999,-999,-999,-999,-999,-999
75,5,5,5,5,4,3
76,3,3,3,2,2,1
76,2,1,1,1,1,4
76,-999,-999,-999,-999,-999,-999
76,2,2,4,4,4,4
76,1,1,2,2,2,2
76,-999,-999,-999,-999,-999,-999
76,2,2,2,2,2,2
76,-999,-999,-999,-999,-999,-999
76,4,3,5,4,5,5
76,1,1,1,4,4,4
76,3,3,3,4,4,4
76,4,4,4,3,3,2
76,5,5,5,4,4,1
76,-999,-999,-999,5,5,5
76,1,1,1,1,1,1
76,-999,-999,-999,-999,-999,-999
76,2,3,3,3,3,3
76,-999,-999,-999,-999,-999,-999
76,5,5,5,5,5,5
76,2,5,4,2,3,3
76,4,2,-999,3,3,2
76,1,1,1,4,1,1
76,1,1,1,1,1,1
76,5,5,-999,5,5,5
76,-999,-999,-999,4,-999,-999
76,-999,-999,-999,4,4,-999
76,4,5,5,3,2,3
76,-999,5,5,-999,5,-999
76,5,-999,-999,-999,-999,-999
76,4,1,1,4,4,4
76,5,4,4,4,4,1
76,-999,-999,-999,-999,-999,-999
76,2,2,2,2,2,2
76,-999,-999,-999,4,-999,-999
76,3,-999,-999,2,2,-999
77,-999,-999,-999,-999,-999,-999
77,1,1,1,1,1,-999
77,4,-999,3,5,4,5
77,-999,-999,3,-999,-999,-999
77,-999,-999,-999,-999,-999,-999
78,-999,-999,-999,-999,-999,-999
78,-999,-999,-999,-999,-999,-999
78,-999,-999,-999,-999,-999,-999
78,-999,-999,-999,-999,-999,-999
78,-999,-999,-999,-999,-999,-999
78,-999,3,-999,3,-999,-999
78,-999,-999,-999,-999,-999,-999
78,5,5,5,2,-999,5
78,2,3,5,2,3,5
78,4,-999,3,2,3,5
78,-999,-999,-999,-999,-999,-999
78,5,3,2,4,3,2
79,1,1,-999,2,1,1
79,1,1,1,1,1,1
79,3,3,-999,1,1,1
79,3,3,2,1,2,3
79,1,1,1,1,1,1
79,1,2,2,1,1,4
79,3,4,3,3,4,3
80,1,2,1,1,1,1
80,1,1,1,3,3,2
80,4,2,2,1,1,1
80,2,2,2,4,3,1
80,2,1,2,2,2,2
80,5,2,2,2,1,2
80,4,2,2,2,3,1
80,4,3,3,3,3,4
81,2,4,2,4,3,3
81,1,3,1,1,1,2
81,1,1,1,1,1,1
81,2,3,4,1,5,3
81,1,1,1,1,1,1
81,3,3,3,-999,-999,-999
81,3,3,4,5,4,3
81,2,2,2,5,4,1
81,4,4,4,4,5,4
81,-999,-999,-999,-999,-999,-999
81,-999,-999,-999,-999,-999,-999
81,4,2,2,4,4,3
81,-999,-999,-999,-999,-999,-999
81,2,2,1,1,2,3
81,4,5,5,5,5,5
81,-999,-999,-999,-999,-999,-999
81,5,5,5,5,5,5
81,3,3,3,2,2,2
81,4,4,4,2,2,4
81,4,4,4,4,4,4
81,4,1,3,1,-999,1
81,1,1,1,3,3,1
81,-999,-999,-999,-999,-999,-999
81,3,3,3,3,3,3
81,4,4,4,5,4,5
81,1,3,1,3,3,5
81,4,4,4,4,4,4
81,-999,-999,-999,5,-999,-999
81,3,1,1,3,3,3
81,4,4,4,4,4,5
81,4,4,4,1,4,1
81,2,1,1,3,3,1
81,3,3,2,4,4,4
82,-999,-999,-999,-999,-999,-999
82,-999,-999,-999,-999,-999,-999
82,3,2,2,4,-999,3
82,5,5,5,5,5,5
82,-999,-999,-999,-999,-999,-999
82,-999,-999,-999,-999,-999,-999
82,2,2,1,2,2,2
82,5,5,5,4,1,5
82,-999,-999,-999,-999,-999,-999
82,4,3,3,3,3,1
82,-999,-999,-999,-999,-999,-999
82,1,1,1,4,3,1
82,-999,-999,-999,-999,-999,-999
82,-999,-999,-999,-999,-999,-999
82,-999,-999,-999,3,-999,-999
82,5,-999,-999,-999,-999,-999
82,-999,-999,-999,-999,-999,-999
82,2,2,2,4,2,3
82,-999,-999,-999,-999,-999,-999
82,1,1,1,4,4,4
82,5,5,5,4,-999,-999
82,4,4,4,4,4,4
82,-999,-999,-999,-999,-999,-999
82,-999,-999,-999,-999,-999,-999
82,5,4,3,5,-999,-999
82,-999,-999,-999,-999,-999,-999
82,-999,-999,-999,-999,-999,-999
82,3,3,2,4,4,3
82,-999,-999,-999,-999,-999,-999
82,-999,-999,-999,-999,-999,-999
82,5,5,5,3,3,2
82,4,3,4,3,-999,4
83,-999,-999,-999,-999,-999,-999
83,2,2,2,2,2,2
83,3,2,3,-999,-999,-999
83,2,2,2,2,2,2
83,2,5,3,1,1,2
83,-999,-999,-999,-999,-999,-999
83,-999,-999,-999,-999,-999,-999
83,2,2,2,2,2,2
83,4,4,1,1,1,1
83,1,1,1,2,2,2
83,4,4,4,3,3,3
83,3,2,5,1,1,4
83,3,3,3,1,1,3
83,4,4,4,3,3,4
83,4,4,4,4,4,4
83,4,4,4,4,4,4
83,-999,-999,-999,-999,-999,-999
83,-999,-999,-999,-999,-999,-999
83,-999,-999,-999,-999,-999,-999
83,-999,-999,-999,-999,-999,-999
83,2,2,2,2,2,2
83,-999,-999,-999,3,-999,-999
83,5,5,5,4,4,4
83,-999,-999,-999,1,2,-999
83,4,3,3,4,4,3
83,5,5,4,5,5,5
83,3,2,4,4,4,4
83,-999,-999,-999,-999,-999,-999
83,4,4,1,4,4,1
83,-999,-999,-999,-999,-999,-999
83,1,2,2,3,1,3
83,2,2,2,2,2,2
84,2,4,3,1,2,1
84,1,1,1,1,1,1
84,-999,2,3,1,3,1
85,4,1,5,5,3,2
85,-999,-999,-999,-999,-999,-999
85,1,1,1,1,4,1
85,-999,-999,-999,-999,-999,-999
85,-999,-999,-999,-999,-999,-999
85,1,1,1,2,2,2
85,2,2,2,5,5,5
85,-999,-999,-999,3,-999,-999
85,-999,-999,-999,-999,-999,-999
85,-999,-999,-999,-999,-999,-999
85,-999,-999,-999,-999,-999,-999
85,-999,-999,-999,5,5,-999
85,3,4,4,5,-999,4
85,5,3,1,3,3,2
85,-999,1,-999,3,3,3
85,-999,-999,-999,-999,-999,-999
85,1,2,1,2,2,2
85,4,5,5,4,4,4
85,5,5,5,5,5,5
85,1,1,1,3,2,2
85,4,-999,3,4,3,2
85,1,1,1,2,2,2
85,1,1,1,1,1,1
85,2,2,1,5,1,2
85,2,1,1,-999,-999,-999
85,4,4,4,4,4,4
85,-999,-999,-999,-999,-999,-999
85,-999,-999,-999,-999,-999,-999
85,-999,-999,-999,-999,-999,-999
85,5,5,1,4,4,4
85,5,4,4,4,4,3
86,-999,-999,-999,-999,-999,-999
86,-999,-999,-999,2,-999,-999
87,4,1,3,5,3,5
87,3,3,1,4,5,2
87,5,5,1,5,4,5
87,4,1,4,4,5,5
87,4,4,4,5,4,5
87,2,2,2,4,3,2
87,2,2,3,4,4,4
87,5,5,5,5,5,5
87,4,4,4,5,5,5
87,5,3,3,5,5,5
87,4,4,1,4,4,5
87,4,4,4,4,4,5
87,5,5,4,4,5,5
87,4,1,1,1,4,4
87,4,4,4,4,4,4
87,2,2,1,5,5,5
87,5,5,1,4,4,4
87,1,5,5,5,5,5
87,5,2,2,5,4,4
87,4,4,5,5,5,3
87,4,4,2,4,4,5
87,4,3,2,4,4,4
87,3,2,4,3,2,1
87,4,4,4,5,-999,5
87,2,2,1,3,2,4
87,5,4,4,4,4,3
87,4,3,2,4,5,2
87,3,3,1,5,4,4
87,5,3,3,5,5,5
87,5,4,4,5,5,1
87,5,5,5,5,3,5
87,4,3,4,4,4,3
87,4,5,1,5,5,5
87,4,5,3,5,4,5
88,1,1,1,1,1,1
88,-999,-999,-999,5,-999,-999
88,5,3,5,2,2,3
88,3,1,1,2,2,2
88,2,2,2,2,2,2
88,1,1,1,2,-999,-999
88,1,1,1,2,2,2
88,1,1,1,1,1,1
88,2,2,2,2,2,2
88,3,3,3,2,2,3
88,-999,-999,-999,-999,-999,-999
88,1,1,1,4,4,4
88,4,3,2,1,3,2
89,-999,-999,-999,-999,1,-999
89,-999,-999,-999,-999,-999,-999
89,3,1,1,2,1,1
89,3,2,3,4,5,3
89,-999,4,4,4,4,4
89,1,1,1,1,1,4
89,1,1,1,1,1,1
89,1,1,1,3,3,3
89,4,4,4,1,4,5
89,-999,-999,-999,1,-999,1
89,1,1,3,2,2,2
89,2,2,2,4,4,2
89,4,4,4,4,4,1
89,4,-999,5,1,3,5
89,5,1,1,-999,1,4
89,-999,-999,-999,4,-999,-999
89,1,1,1,5,1,1
89,5,5,4,4,4,4
89,1,1,1,1,1,1
89,4,4,3,3,3,4
89,4,2,2,1,1,1
89,4,4,3,1,1,1
89,3,1,1,3,3,3
89,1,1,1,3,2,4
89,5,4,2,3,3,4
89,3,2,4,4,3,2
89,3,1,1,1,1,2
89,3,1,1,4,4,4
89,4,3,2,3,3,2
89,2,1,1,1,1,1
89,4,3,-999,3,4,2
89,3,3,3,3,3,1
89,5,4,3,3,3,3
89,4,5,2,3,4,4
90,5,5,5,5,3,5
90,-999,-999,-999,-999,-999,-999
90,1,2,2,2,2,4
90,5,5,5,3,2,1
90,5,4,5,1,4,2
90,5,4,4,4,4,4
90,4,4,4,4,4,3
90,4,4,4,2,2,2
90,5,5,5,5,5,3
90,5,1,1,3,1,1
90,-999,-999,-999,-999,-999,-999
90,5,2,2,1,1,1
90,5,5,5,3,2,4
90,-999,4,4,4,4,4
90,5,5,4,4,5,4
90,5,5,5,5,5,5
90,5,2,3,5,5,5
90,4,2,1,2,3,3
90,5,2,3,4,2,3
90,5,4,4,4,4,2
91,-999,-999,-999,-999,-999,-999
91,4,4,4,2,-999,4
91,5,5,5,5,5,5
92,-999,-999,-999,-999,-999,-999
92,-999,-999,-999,-999,-999,-999
92,-999,-999,-999,-999,-999,-999
92,-999,-999,-999,-999,-999,-999
92,-999,-999,-999,-999,-999,-999
92,-999,-999,-999,-999,-999,-999
92,-999,-999,-999,-999,-999,-999
92,-999,-999,-999,-999,-999,-999
93,1,1,1,1,1,1
93,1,1,1,1,1,2
93,5,5,5,1,1,1
93,5,5,5,5,5,5
93,2,3,2,3,-999,-999
93,1,1,1,1,1,1
93,3,2,2,2,-999,2
93,-999,-999,-999,-999,-999,-999
93,4,4,4,4,4,4
93,5,5,5,4,4,5
93,1,1,1,1,-999,1
93,-999,-999,-999,-999,-999,-999
93,3,1,1,3,1,3
93,4,4,4,1,-999,5
93,3,3,1,4,3,3
93,3,3,1,4,-999,4
93,2,2,2,2,2,4
93,2,2,2,4,2,2
93,1,1,1,4,4,4
94,1,1,1,1,1,1
94,4,5,5,1,2,5
94,1,2,4,1,1,1
94,1,-999,1,2,-999,-999
94,-999,-999,-999,-999,-999,-999
94,-999,1,1,-999,1,1
94,3,3,3,4,4,4
94,-999,-999,-999,-999,-999,-999
94,5,5,5,5,5,5
94,2,1,1,1,1,1
94,4,4,-999,1,1,3
94,1,1,2,4,3,5
94,2,2,2,1,1,2
94,5,5,5,1,1,2
94,2,3,3,1,1,5
94,2,1,3,3,3,3
94,2,3,3,1,2,4
94,1,2,1,3,1,3
94,5,5,5,5,5,5
94,5,5,5,5,4,5
94,5,5,5,4,4,5
94,1,1,1,1,2,2
94,-999,4,4,4,4,1
94,3,3,3,2,2,4
94,2,2,2,2,-999,2
94,4,4,4,1,4,-999
94,4,4,4,5,5,4
94,4,4,4,5,5,5
94,3,-999,-999,2,2,1
94,3,4,4,2,2,2
94,1,3,3,3,3,3
94,5,5,5,5,4,5
95,-999,-999,-999,-999,-999,-999
95,-999,-999,-999,-999,-999,-999
95,-999,-999,-999,-999,-999,-999
95,5,2,1,2,3,-999
95,2,2,2,3,2,3
95,2,2,2,2,2,2
95,4,4,4,4,-999,3
95,-999,4,4,4,4,4
95,2,2,2,3,3,4
95,1,1,1,2,1,-999
95,-999,-999,-999,-999,-999,-999
95,4,4,4,3,-999,4
95,1,1,1,1,1,1
95,1,1,1,1,1,1
95,5,3,4,1,3,3
95,-999,4,-999,4,4,4
95,-999,1,-999,4,-999,-999
95,-999,-999,-999,-999,-999,-999
95,-999,-999,-999,-999,-999,-999
95,-999,-999,-999,-999,-999,-999
95,5,5,5,5,5,1
95,3,3,3,3,3,3
95,1,3,4,1,2,4
95,3,4,3,4,4,4
95,4,1,2,3,3,3
95,1,5,5,1,1,1
95,2,2,2,2,2,2
95,-999,-999,-999,-999,-999,-999
95,4,1,4,-999,-999,-999
95,5,5,5,5,4,4
96,4,4,4,3,3,3
96,5,5,3,5,5,5
96,2,2,2,3,3,3
96,5,4,3,5,5,4
96,5,5,4,5,4,2
96,5,5,5,5,5,1
96,4,2,4,2,2,4
96,-999,-999,-999,-999,-999,-999
96,3,4,1,4,4,5
96,1,2,2,4,4,2
96,3,4,3,4,4,-999
96,4,1,2,5,-999,5
96,5,4,3,4,5,5
96,4,4,4,5,3,3
96,4,5,3,4,3,3
96,3,3,-999,3,3,4
96,4,4,3,4,3,3
96,3,4,4,3,3,5
96,3,3,3,2,2,1
96,3,5,3,4,5,3
96,5,5,4,4,4,4
96,4,4,3,3,3,1
96,4,4,4,3,3,1
96,3,3,3,3,3,2
96,4,4,4,3,4,4
96,5,4,2,4,3,3
96,5,4,5,5,1,5
96,5,4,4,4,4,3
96,3,2,3,4,3,3
96,5,-999,5,5,5,5
96,5,5,5,2,2,2
96,5,5,4,2,4,4
96,2,4,3,5,5,5
96,4,4,2,4,3,1
96,5,5,5,5,5,5
97,4,3,3,2,3,3
97,5,5,5,4,2,4
97,-999,-999,-999,-999,-999,-999
97,1,3,3,3,3,-999
97,-999,-999,-999,-999,-999,-999
97,3,3,2,2,2,1
97,4,5,5,2,2,3
97,1,1,1,1,3,2
97,3,1,1,1,1,3
97,3,2,4,2,2,5
97,-999,-999,-999,-999,-999,-999
97,4,3,3,4,3,4
97,1,1,1,2,1,1
97,3,5,5,5,5,5
97,3,3,1,3,1,1
97,1,1,1,4,1,-999
97,4,4,4,3,3,3
97,5,4,4,4,4,4
97,-999,-999,-999,-999,-999,-999
97,2,3,3,3,3,3
97,5,4,4,4,4,4
97,1,1,1,2,1,2
97,2,1,1,1,1,1
97,4,4,4,2,2,1
97,3,3,1,1,1,3
97,1,2,2,1,2,2
97,1,1,1,2,2,1
97,1,2,1,5,5,1
97,2,2,2,2,2,2
97,1,1,1,1,1,4
97,1,1,1,2,2,2
97,3,3,3,2,2,1
97,4,3,3,5,5,3
97,3,3,3,4,4,1
98,-999,-999,-999,-999,-999,-999
98,5,5,5,5,5,5
98,4,3,3,1,1,3
98,2,4,3,3,3,-999
98,3,2,4,1,2,1
98,3,3,3,2,3,2
98,4,4,4,4,3,3
98,4,4,4,3,4,3
98,4,4,4,3,3,3
98,3,3,3,3,3,3
98,4,4,4,3,3,4
98,4,3,1,3,1,1
98,5,1,5,5,5,5
98,5,5,5,5,5,5
98,2,5,5,4,-999,4
98,5,5,5,4,5,5
98,4,4,4,4,4,4
98,4,5,5,1,1,4
98,4,3,2,5,4,5
98,5,3,3,5,4,3
98,5,5,5,5,5,5
98,-999,-999,-999,2,2,2
98,1,4,4,2,2,2
98,5,-999,1,2,2,5
98,5,5,5,5,4,5
98,4,5,4,5,5,5
98,5,5,2,4,2,5
98,-999,-999,-999,-999,-999,-999
99,1,1,4,1,1,1
99,-999,-999,-999,-999,-999,-999
99,1,1,1,1,1,1
99,1,1,1,2,1,1
99,2,2,2,4,4,2
99,1,2,1,2,2,1
99,1,1,1,4,4,-999
99,1,1,1,1,1,1
100,-999,4,-999,4,-999,2
100,1,5,5,-999,3,5
100,5,4,3,1,2,2
100,5,5,5,5,5,5
100,4,3,3,4,4,4
100,2,2,2,2,2,2
100,3,3,2,1,1,1
100,5,5,5,-999,-999,-999
100,5,5,5,5,5,5
100,5,5,5,4,4,4
100,5,5,3,4,4,4
100,5,1,2,2,2,3
100,2,5,5,4,3,3
100,4,4,4,1,1,5
100,5,5,5,5,3,3
100,5,4,2,4,4,3
100,4,4,1,4,3,3
100,4,4,4,3,3,5
100,3,3,3,3,3,3
100,4,3,2,3,3,3
100,4,5,4,3,2,3
100,5,5,5,4,4,5
100,1,1,1,1,1,1
100,3,3,3,2,2,2
100,5,5,5,4,4,1
100,4,4,4,4,4,4
100,4,4,2,4,3,4
100,5,3,4,5,3,4
100,4,4,2,3,2,3
100,-999,-999,-999,-999,-999,-999
100,2,2,2,2,2,2
101,4,4,4,-999,-999,-999
101,3,2,4,3,3,2
101,-999,-999,-999,-999,-999,-999
101,2,2,2,5,5,5
101,-999,3,-999,2,4,-999
101,-999,-999,-999,-999,-999,-999
101,-999,-999,-999,-999,-999,-999
101,-999,-999,-999,3,4,-999
101,1,1,1,1,1,2
101,1,1,1,1,1,5
101,3,3,5,5,3,3
101,-999,-999,-999,-999,-999,-999
101,-999,-999,-999,-999,-999,-999
101,2,2,1,2,2,2
101,3,3,-999,-999,-999,-999
101,-999,-999,-999,-999,-999,-999
101,3,3,3,-999,-999,-999
101,4,4,4,4,4,4
101,-999,-999,-999,-999,-999,-999
101,-999,-999,-999,-999,-999,-999
101,2,-999,-999,1,2,1
101,1,1,1,1,1,2
101,-999,-999,-999,-999,-999,-999
101,-999,-999,-999,-999,-999,-999
101,1,1,1,1,1,1
101,-999,-999,-999,4,3,-999
101,1,1,1,1,1,4
101,4,4,5,4,-999,-999
102,1,5,4,4,1,3
102,-999,-999,-999,-999,-999,-999
102,-999,-999,-999,-999,-999,-999
102,-999,-999,-999,-999,-999,-999
102,-999,-999,-999,-999,-999,-999
102,1,1,1,-999,-999,-999
102,-999,-999,-999,-999,-999,-999
102,-999,-999,-999,2,-999,-999
102,-999,-999,-999,-999,-999,-999
102,-999,-999,-999,-999,-999,-999
103,4,3,5,5,4,5
103,4,4,4,5,5,1
103,4,4,3,2,2,5
103,1,1,1,1,1,2
103,1,1,1,-999,-999,-999
103,4,4,4,4,-999,-999
103,4,4,5,5,5,5
103,4,4,2,2,2,-999
103,4,4,4,4,3,4
103,5,2,2,2,2,5
103,5,3,4,2,2,5
103,4,-999,3,4,4,4
103,1,1,1,1,1,1
103,5,3,3,4,4,4
103,4,3,3,3,3,3
103,4,4,3,2,3,4
103,5,5,1,2,3,5
103,1,2,1,2,2,3
103,4,4,4,4,4,3
103,5,-999,1,4,5,4
103,4,5,3,3,1,3
103,5,2,4,3,3,3
103,3,3,5,4,4,5
103,-999,-999,-999,4,-999,4
103,-999,-999,-999,-999,-999,-999
103,4,4,3,3,3,4
103,2,2,2,2,1,2
104,-999,-999,-999,2,2,-999
104,-999,-999,-999,2,-999,-999
104,1,-999,-999,5,-999,-999
104,2,-999,-999,-999,2,-999
105,5,5,5,5,5,5
105,2,1,1,2,2,3
105,2,2,1,5,4,4
105,1,1,1,2,2,2
105,3,3,4,3,3,4
105,2,2,2,2,2,2
105,4,4,5,4,4,4
105,1,4,4,5,5,1
105,5,5,5,3,5,3
105,5,4,4,4,4,4
105,3,1,1,2,2,1
105,1,2,2,2,2,2
106,4,4,4,5,5,4
106,3,4,4,4,4,2
106,2,2,3,1,2,2
106,-999,-999,-999,-999,-999,-999
106,3,1,1,2,2,1
106,3,1,-999,2,4,4
106,3,1,1,4,4,5
106,1,1,1,5,5,4
106,1,1,1,3,3,5
106,4,5,5,2,2,1
106,3,3,2,4,3,2
106,4,4,4,1,1,1
106,1,4,4,1,1,1
106,4,4,4,4,5,5
106,3,3,1,4,4,4
106,1,2,2,4,3,1
106,5,1,5,5,5,5
106,4,1,1,-999,-999,-999
106,5,4,3,4,4,2
106,5,2,2,4,5,5
106,3,2,2,4,2,1
106,4,4,2,4,4,4
106,4,4,4,4,3,3
106,5,5,4,2,2,5
106,5,-999,4,5,4,5
106,5,4,2,4,2,3
106,4,2,1,4,4,4
106,5,4,4,4,4,4
106,4,4,4,4,4,4
106,3,4,4,1,2,1
106,4,4,1,4,4,4
106,4,4,4,3,2,4
107,-999,-999,-999,-999,-999,-999
107,-999,-999,-999,-999,-999,-999
107,-999,-999,-999,-999,-999,-999
107,-999,-999,-999,-999,-999,-999
107,3,3,2,3,3,3
108,-999,-999,-999,-999,-999,-999
108,2,2,3,3,3,3
108,-999,-999,-999,-999,-999,-999
108,1,4,1,4,4,4
108,3,2,5,5,-999,4
108,-999,-999,-999,-999,-999,-999
108,-999,-999,-999,3,3,-999
108,-999,-999,-999,-999,-999,-999
108,3,3,3,1,1,4
108,2,2,2,4,4,3
108,-999,-999,-999,-999,-999,-999
108,-999,-999,-999,1,-999,-999
108,-999,-999,-999,-999,-999,-999
108,-999,-999,-999,-999,-999,-999
108,2,2,2,2,2,2
108,-999,-999,-999,-999,-999,-999
108,-999,-999,-999,1,-999,-999
108,2,2,3,3,2,3
108,-999,-999,-999,-999,-999,-999
108,1,1,1,2,4,2
108,-999,-999,-999,-999,-999,-999
108,1,1,1,3,2,4
108,4,4,4,4,4,4
108,3,2,2,1,2,3
108,-999,1,2,3,3,3
108,1,1,1,3,3,-999
108,-999,-999,-999,-999,-999,-999
109,1,1,1,-999,-999,-999
109,3,4,3,4,4,1
109,1,1,1,1,1,1
109,5,1,1,5,5,5
109,2,2,2,2,2,2
109,5,5,5,5,5,5
109,5,5,5,4,4,5
109,5,5,5,1,1,1
109,4,4,2,2,2,1
109,5,5,5,5,5,5
109,4,4,4,4,4,1
109,4,-999,4,5,5,5
109,1,1,1,4,4,4
109,5,5,1,5,5,5
109,5,4,4,-999,-999,-999
109,1,4,3,4,4,4
109,5,5,5,5,5,5
109,4,3,3,3,3,4
109,3,3,3,4,4,4
109,5,5,5,3,3,-999
109,1,-999,1,1,1,1
109,5,5,5,4,1,4
109,-999,-999,-999,-999,-999,-999
109,5,5,-999,-999,-999,-999
109,5,5,5,5,5,5
109,4,3,5,3,4,4
109,5,5,4,4,4,2
109,5,5,4,5,5,5
109,3,4,1,4,4,1
109,4,4,4,5,5,3
109,4,2,1,4,4,4
109,3,1,1,-999,-999,-999
109,4,4,4,5,5,5
109,2,3,2,3,3,1
110,4,4,4,4,4,4
110,4,4,4,5,5,4
110,5,5,5,5,5,5
110,4,5,5,5,5,5
110,5,5,5,5,5,5
110,4,4,4,4,4,3
110,5,5,5,4,4,4
110,3,1,3,3,3,4
110,5,5,4,4,-999,1
110,2,2,2,5,5,5
110,4,4,1,1,1,3
110,5,3,5,5,5,5
110,1,1,1,5,1,1
110,4,3,2,4,3,4
110,4,4,4,4,4,4
110,3,3,1,2,2,2
110,2,2,2,1,2,1
110,2,1,2,4,2,4
110,5,2,4,3,4,4
110,4,4,4,3,3,4
110,5,3,3,5,1,5
110,5,5,5,3,3,4
110,5,3,3,4,4,4
110,2,2,2,1,2,2
110,4,3,3,1,2,1
110,5,4,1,3,3,4
110,5,5,4,5,4,5
110,5,5,5,2,2,2
110,4,3,2,4,5,5
110,4,4,4,5,5,5
110,4,2,4,4,3,3
110,5,5,3,5,5,2
110,5,5,5,5,5,5
110,4,2,2,5,3,5
111,4,4,4,4,4,4
111,5,5,1,5,5,5
111,4,4,4,4,4,4
111,5,5,5,5,5,1
111,4,4,4,5,5,5
111,3,5,5,3,3,4
111,2,3,1,2,2,4
111,5,5,4,3,5,5
111,4,4,4,4,4,2
111,4,4,3,4,4,3
111,5,5,4,1,2,1
111,1,1,1,1,1,1
111,-999,-999,-999,-999,-999,-999
111,5,5,4,4,4,1
111,5,5,2,5,5,1
111,4,5,4,4,4,5
111,5,5,2,3,4,5
111,4,4,4,4,2,4
111,5,4,2,4,3,2
111,4,2,3,3,3,-999
111,4,4,3,3,3,3
111,5,4,5,4,4,4
111,4,4,2,4,3,4
111,1,5,5,5,5,5
111,5,5,5,5,3,5
111,3,5,4,3,3,5
111,3,3,3,4,4,4
111,4,4,4,4,3,2
111,4,1,4,3,1,1
111,4,5,2,5,5,2
111,-999,-999,-999,-999,-999,-999
111,4,4,5,3,3,4
111,2,5,5,5,4,5
111,5,5,4,3,3,5
111,4,4,4,3,3,3
112,2,2,2,2,3,-999
112,3,3,4,2,2,2
112,4,2,2,2,-999,4
112,-999,-999,-999,2,-999,-999
112,1,1,1,-999,-999,-999
112,-999,-999,-999,-999,-999,-999
112,5,4,2,1,5,5
112,2,2,2,2,2,1
112,3,2,3,2,2,1
112,4,4,3,4,4,4
112,3,3,3,2,2,2
112,-999,-999,-999,-999,-999,-999
112,2,1,2,2,2,2
112,4,3,-999,4,4,4
112,-999,-999,-999,5,5,-999
112,4,1,1,2,3,4
112,4,4,-999,5,5,5
112,5,4,5,4,4,5
112,5,4,4,4,4,4
112,2,2,4,2,2,4
112,4,5,2,3,5,5
112,5,5,5,5,5,5
112,3,3,2,4,3,4
112,5,5,5,5,5,5
112,5,4,5,3,3,5
112,3,3,3,4,3,4
112,2,2,2,2,2,2
112,4,4,4,4,4,4
112,4,2,5,1,2,1
112,2,2,2,2,2,4
112,1,2,1,2,3,1
112,4,4,3,4,4,4
113,2,2,2,4,4,4
113,-999,-999,-999,-999,-999,-999
113,-999,-999,-999,-999,-999,-999
113,-999,-999,-999,-999,-999,-999
113,2,2,1,-999,-999,-999
113,-999,-999,-999,-999,-999,-999
113,-999,-999,-999,-999,-999,-999
113,-999,-999,-999,-999,-999,-999
113,2,2,2,2,2,2
113,4,4,3,1,1,2
113,4,4,4,4,4,4
113,2,4,4,4,4,5
113,-999,-999,-999,-999,-999,-999
113,5,5,5,4,4,4
113,2,1,1,1,1,2
113,5,5,4,4,3,-999
113,3,3,3,1,1,1
113,-999,-999,-999,-999,-999,-999
113,5,5,5,5,5,5
113,3,3,2,3,3,1
113,4,4,4,5,5,5
113,4,4,4,4,4,5
113,5,5,5,4,4,2
113,5,-999,5,4,4,1
113,-999,-999,-999,-999,-999,-999
113,-999,-999,-999,-999,-999,-999
113,4,4,4,4,1,1
113,5,1,1,4,3,5
113,4,4,4,4,4,4
113,4,3,-999,3,4,4
113,4,4,1,4,4,4
113,4,5,5,4,4,5
113,2,2,1,5,2,3
113,1,1,1,1,1,1
114,-999,-999,-999,-999,-999,-999
114,5,5,1,1,5,5
114,1,-999,1,4,4,5
114,4,4,4,4,4,5
114,5,5,5,5,-999,4
114,-999,-999,-999,-999,-999,-999
114,1,1,1,5,2,2
114,-999,-999,-999,-999,-999,-999
114,4,3,3,1,3,3
114,3,1,1,2,2,2
114,2,2,2,2,2,-999
114,-999,-999,-999,-999,-999,-999
114,5,-999,5,5,5,5
114,4,4,4,4,4,4
114,-999,5,5,3,3,5
114,4,4,4,4,4,3
114,3,3,3,3,3,3
114,2,1,2,4,4,5
114,2,1,1,2,2,1
114,4,4,4,4,4,1
114,1,1,1,1,1,1
114,4,2,2,4,4,4
114,5,1,1,2,1,1
114,4,4,4,4,4,5
114,3,3,3,4,4,4
114,5,5,5,5,5,5
114,5,5,3,5,-999,5
114,5,4,4,3,4,1
114,3,4,2,4,4,4
114,5,3,4,2,4,4
115,1,4,4,4,4,4
115,1,1,1,2,2,2
115,2,3,3,2,2,2
115,-999,-999,-999,-999,-999,-999
115,4,4,4,4,4,4
115,1,1,1,1,1,1
115,3,3,2,-999,-999,-999
115,2,1,1,-999,-999,-999
115,-999,-999,-999,5,-999,-999
115,4,4,2,4,4,4
115,2,2,2,2,2,1
115,-999,-999,-999,3,-999,-999
115,-999,-999,-999,2,1,2
115,2,4,4,3,3,3
115,1,1,1,2,1,2
115,4,4,3,4,4,1
115,3,3,1,3,2,3
115,1,1,1,1,1,1
115,4,1,1,4,4,4
115,5,5,5,5,5,5
115,3,3,2,3,3,1
115,-999,-999,-999,-999,5,-999
115,2,2,-999,1,2,1
115,1,1,1,1,1,2
115,1,1,1,1,1,1
115,3,3,2,4,4,5
115,1,1,1,1,1,1
115,4,3,2,2,2,2
115,5,4,5,4,3,5
115,4,4,4,4,4,4
115,3,3,-999,2,2,1
115,2,1,2,2,1,3
115,5,5,5,3,5,2
115,4,3,3,3,4,4
116,1,1,4,4,4,4
116,4,2,2,3,3,3
116,1,2,2,3,2,2
116,5,5,5,5,4,5
116,5,4,4,4,4,1
116,4,3,2,4,3,4
116,4,4,4,2,4,4
116,3,3,2,4,4,4
116,1,1,1,2,5,5
116,4,4,4,3,3,3
116,5,5,3,2,5,5
116,4,4,4,3,3,3
116,3,3,3,2,3,2
116,1,4,4,1,2,-999
116,5,4,-999,5,3,4
116,5,4,3,4,4,4
116,4,4,4,3,3,4
116,4,4,4,5,5,5
116,5,5,5,4,4,4
116,5,4,5,2,2,4
116,4,4,4,4,4,4
116,5,4,4,5,5,5
116,5,4,5,4,4,4
116,5,5,3,2,2,5
116,4,4,4,5,5,4
116,4,2,3,4,3,4
116,5,3,2,5,5,5
116,5,2,4,5,5,5
116,4,5,1,4,4,4
116,5,5,3,5,5,2
116,4,4,4,3,3,3
116,4,5,5,-999,-999,-999
117,1,1,1,4,4,4
117,-999,-999,-999,-999,-999,-999
117,-999,-999,-999,-999,-999,-999
117,4,4,4,5,5,5
117,5,5,5,5,5,5
117,3,3,3,3,3,3
117,-999,-999,-999,-999,-999,-999
117,4,4,3,1,2,4
117,-999,-999,-999,-999,-999,-999
117,-999,-999,-999,-999,-999,-999
117,-999,-999,-999,-999,-999,-999
117,1,1,5,1,1,5
117,-999,-999,-999,-999,-999,-999
117,-999,-999,-999,-999,-999,-999
117,2,2,2,4,4,4
117,3,1,4,1,4,3
117,-999,-999,-999,-999,-999,-999
117,-999,-999,-999,-999,-999,-999
117,-999,-999,-999,-999,-999,-999
117,-999,-999,-999,-999,-999,-999
117,5,4,5,3,5,5
117,5,4,-999,3,4,5
117,-999,-999,-999,-999,-999,-999
117,-999,-999,-999,-999,-999,-999
117,-999,-999,-999,-999,-999,-999
117,3,-999,5,5,5,5
117,3,4,5,4,4,4
117,5,5,5,4,4,4
117,4,4,4,3,3,4
117,5,5,5,1,1,1
117,5,4,4,4,4,2
117,2,2,2,4,4,4
117,3,1,1,2,4,4
117,5,5,1,2,2,3
118,5,3,3,3,3,4
118,1,3,2,1,2,2
118,5,1,1,3,3,3
118,-999,-999,-999,-999,-999,-999
118,1,1,1,1,1,4
118,-999,4,5,3,3,4
118,4,1,4,5,4,5
118,2,2,3,1,2,1
118,2,3,4,3,3,3
118,-999,-999,-999,-999,-999,-999
118,4,5,5,3,3,2
118,4,3,3,1,2,3
118,4,4,4,4,4,4
118,1,2,2,3,3,3
118,5,5,5,5,5,5
118,5,5,5,5,5,5
118,4,4,4,4,4,4
118,2,2,2,2,2,2
118,4,1,1,2,2,2
118,2,2,3,4,4,5
118,4,3,3,2,3,3
118,2,4,4,4,4,5
118,-999,-999,-999,-999,-999,-999
118,3,2,2,4,4,5
118,-999,-999,-999,-999,-999,-999
118,5,5,5,5,5,5
118,4,4,4,4,4,4
118,-999,-999,-999,-999,-999,-999
118,2,1,3,2,1,-999
118,4,4,4,4,4,4
118,1,1,2,1,1,1
118,5,5,3,4,2,4
118,1,1,1,1,1,5
118,-999,5,5,5,5,5
118,3,4,3,3,3,3
119,5,4,5,4,4,4
119,5,4,2,3,4,3
119,3,2,1,2,2,2
119,5,5,2,2,3,3
119,5,4,2,3,3,3
119,1,5,5,5,5,3
119,5,2,2,4,4,3
119,4,4,3,3,3,4
119,4,3,3,4,4,3
119,5,2,1,3,3,3
119,4,4,2,2,2,2
119,2,1,1,1,4,2
119,3,3,2,4,3,2
119,2,4,4,4,4,-999
119,4,4,4,3,3,4
119,1,1,1,5,4,2
119,5,4,5,-999,-999,-999
119,5,3,3,3,4,4
119,5,2,2,3,3,3
119,5,3,3,3,2,2
119,4,4,3,4,4,4
119,4,4,4,-999,-999,-999
119,4,4,1,5,4,1
119,5,4,3,3,3,3
119,5,3,2,4,4,4
119,5,3,1,3,4,4
119,4,4,3,4,3,3
119,4,4,1,4,3,4
119,5,5,5,4,4,4
120,-999,-999,-999,-999,-999,-999
120,4,4,4,2,2,1
120,1,1,1,1,1,1
120,1,2,1,1,1,2
120,-999,-999,5,2,2,2
120,1,2,2,2,2,2
120,3,4,4,2,2,1
120,-999,-999,-999,-999,-999,-999
120,5,5,-999,-999,-999,-999
120,4,4,4,5,5,5
120,1,1,2,1,1,1
120,-999,-999,-999,-999,-999,-999
120,-999,-999,-999,-999,-999,-999
120,-999,-999,-999,-999,-999,-999
120,-999,-999,-999,-999,-999,-999
120,-999,-999,-999,-999,-999,-999
120,-999,-999,-999,-999,-999,-999
120,3,2,1,3,1,3
120,-999,-999,-999,-999,-999,-999
120,-999,-999,-999,-999,-999,-999
120,-999,-999,-999,-999,-999,-999
120,-999,-999,-999,-999,-999,-999
120,4,4,4,4,4,4
120,-999,-999,-999,-999,-999,-999
120,3,1,3,1,2,4
120,3,4,4,2,5,5
120,-999,-999,-999,-999,-999,-999
120,-999,-999,-999,-999,-999,-999
120,-999,-999,-999,-999,-999,-999
120,-999,-999,-999,-999,-999,-999
120,5,4,4,4,5,4
120,-999,-999,-999,-999,-999,-999
120,2,4,3,1,2,2
120,2,2,2,3,2,4
120,-999,-999,-999,-999,-999,-999
121,-999,-999,-999,-999,-999,-999
121,5,5,5,5,5,5
121,-999,-999,-999,-999,-999,-999
121,-999,-999,-999,-999,-999,-999
122,5,5,5,5,5,4
122,1,3,2,1,-999,1
122,2,1,3,3,3,3
122,5,5,5,5,5,5
122,4,1,1,4,4,5
122,3,1,-999,4,4,3
122,-999,-999,-999,4,-999,-999
122,-999,4,4,5,5,5
122,3,4,4,2,4,2
122,4,4,4,4,4,4
122,4,3,3,3,3,3
122,5,4,4,5,5,5
122,-999,-999,2,4,4,-999
122,2,1,1,3,3,-999
122,-999,5,5,5,5,5
122,4,4,4,4,3,4
122,4,1,1,5,5,5
122,5,5,5,5,5,4
122,2,2,1,2,1,2
122,3,1,1,2,2,3
122,4,3,3,3,3,1
122,5,4,4,3,3,3
122,5,5,5,5,5,5
122,3,2,2,2,2,1
122,5,5,5,5,5,5
122,2,2,2,1,1,1
122,1,2,2,2,3,2
122,3,3,3,2,2,2
122,2,1,1,1,1,1
122,1,1,4,1,4,1
122,4,4,4,4,5,4
122,4,4,-999,4,4,3
122,-999,-999,-999,-999,-999,-999
122,3,3,2,2,3,1
122,3,3,3,4,4,4
123,-999,-999,-999,-999,-999,-999
123,3,-999,-999,-999,-999,-999
123,-999,-999,-999,-999,-999,-999
123,3,3,2,1,4,1
123,-999,-999,-999,-999,-999,-999
123,-999,-999,-999,-999,-999,-999
123,-999,-999,-999,-999,-999,-999
123,5,5,4,1,1,-999
123,2,4,3,2,2,2
123,5,5,5,5,5,5
123,5,4,4,3,3,3
123,4,4,4,4,4,4
123,-999,-999,-999,-999,-999,-999
123,3,2,3,4,4,4
123,5,5,5,5,5,2
123,4,2,2,-999,-999,-999
123,4,4,4,4,4,4
123,4,4,4,4,4,4
123,-999,-999,-999,-999,-999,-999
123,-999,-999,-999,-999,-999,-999
123,1,5,5,5,5,5
123,-999,-999,-999,-999,-999,-999
123,2,2,2,2,2,2
123,5,5,5,5,4,5
123,-999,-999,-999,-999,-999,-999
123,4,4,4,4,4,5
123,-999,-999,-999,-999,-999,-999
123,4,3,4,4,4,4
123,4,5,1,5,4,1
123,-999,-999,-999,-999,-999,-999
123,5,5,5,4,5,5
123,5,3,4,3,3,4
123,-999,-999,-999,-999,-999,-999
123,5,5,5,5,5,5
123,5,5,5,5,5,5
124,-999,-999,-999,-999,-999,-999
124,5,5,5,5,5,5
124,4,-999,4,3,3,1
124,-999,-999,-999,-999,-999,-999
124,5,3,5,4,4,5
124,5,5,1,1,5,5
124,4,4,4,4,4,4
124,4,4,3,2,3,4
124,5,4,4,5,5,5
124,2,2,2,2,2,2
124,-999,-999,-999,-999,-999,-999
124,3,3,1,3,3,4
124,5,2,2,4,4,4
124,4,4,4,4,4,4
124,5,5,5,3,3,1
124,1,1,1,1,1,2
124,5,5,5,1,1,5
124,3,3,1,2,2,2
124,-999,-999,-999,-999,-999,-999
124,4,4,4,4,4,4
124,4,1,1,4,2,3
124,5,5,5,5,5,5
124,-999,-999,-999,-999,-999,-999
124,5,3,1,1,1,1
124,-999,-999,-999,-999,-999,-999
124,5,5,5,4,4,4
124,5,5,2,3,2,4
124,2,1,1,3,3,2
124,4,4,5,3,1,1
124,5,5,5,5,5,5
124,4,4,1,5,5,5
124,3,5,5,4,3,2
124,5,5,5,3,5,5
125,1,1,1,2,2,2
125,2,2,2,1,1,2
125,-999,-999,-999,-999,-999,-999
125,1,1,2,-999,-999,-999
125,-999,-999,-999,-999,-999,-999
125,2,1,1,1,1,1
125,-999,-999,-999,-999,-999,-999
125,3,3,3,3,3,3
125,1,1,1,1,1,2
125,4,5,-999,5,5,5
125,5,5,5,5,5,5
125,-999,-999,-999,-999,-999,-999
125,-999,-999,-999,-999,-999,-999
125,2,2,2,2,2,2
125,-999,-999,-999,-999,-999,-999
125,4,4,4,4,4,4
125,3,3,5,1,2,1
125,-999,-999,-999,-999,-999,-999
125,4,4,3,1,3,3
125,-999,-999,-999,-999,-999,-999
125,5,5,5,5,5,5
125,1,1,1,-999,-999,-999
125,2,4,4,5,5,5
125,-999,-999,-999,-999,-999,-999
125,3,4,4,4,4,4
125,2,5,2,2,2,2
125,2,2,2,2,2,2
125,2,3,3,2,2,3
125,-999,-999,-999,-999,-999,-999
125,-999,-999,-999,-999,-999,-999
125,4,4,4,4,4,4
125,5,5,5,3,3,4
125,1,3,3,2,2,2
126,1,3,3,1,1,5
126,-999,-999,-999,-999,-999,-999
126,-999,-999,-999,-999,-999,-999
126,-999,-999,-999,-999,-999,-999
126,-999,-999,-999,-999,-999,-999
126,3,4,5,2,2,2
126,5,5,4,1,1,1
126,4,3,3,3,2,2
126,1,2,2,2,2,2
126,-999,-999,-999,-999,-999,-999
126,1,1,1,4,4,4
126,-999,-999,-999,-999,-999,-999
126,-999,-999,-999,-999,-999,-999
126,-999,-999,-999,-999,-999,-999
126,1,1,1,1,1,1
126,5,5,5,5,5,5
126,1,1,1,1,-999,-999
126,-999,-999,-999,-999,-999,-999
126,-999,-999,-999,-999,-999,-999
126,-999,-999,-999,-999,-999,-999
126,1,2,2,2,2,2
126,-999,-999,-999,-999,-999,-999
126,4,4,4,2,2,2
127,-999,-999,-999,-999,-999,-999
127,1,2,2,1,4,1
127,1,4,2,2,4,4
127,-999,-999,-999,-999,-999,-999
127,1,1,1,2,2,3
127,-999,-999,-999,-999,2,-999
127,-999,-999,-999,-999,-999,-999
127,-999,-999,-999,-999,-999,-999
127,-999,-999,-999,-999,-999,-999
127,-999,-999,-999,-999,-999,-999
127,-999,-999,-999,-999,-999,-999
127,-999,-999,-999,-999,-999,-999
127,-999,-999,-999,-999,-999,-999
127,-999,-999,-999,-999,-999,-999
127,1,4,1,3,3,3
127,1,1,1,1,1,4
127,1,1,1,1,1,1
127,3,3,3,4,4,4
127,1,1,1,2,1,1
127,4,3,1,5,5,3
127,-999,-999,-999,-999,-999,-999
127,1,1,1,4,4,1
127,1,1,1,1,1,1
127,1,1,1,1,1,4
127,-999,-999,-999,-999,-999,-999
127,-999,-999,-999,-999,-999,-999
127,1,1,1,2,2,2
127,-999,-999,-999,-999,-999,-999
127,1,1,1,1,1,1
127,1,1,3,3,3,3
127,3,3,3,4,2,3
127,2,2,2,1,1,1
127,4,4,4,4,4,4
128,1,3,3,1,2,2
128,2,2,2,4,4,2
128,-999,-999,-999,2,-999,-999
128,-999,-999,-999,-999,-999,-999
128,4,3,2,2,3,3
128,1,1,1,-999,-999,-999
128,2,2,2,2,2,1
128,1,1,1,1,1,1
128,-999,-999,-999,-999,-999,-999
128,3,3,4,3,2,1
128,1,1,2,2,3,3
128,1,4,5,-999,3,-999
128,3,-999,-999,-999,1,1
128,5,1,1,2,1,5
128,2,2,2,5,5,2
128,2,5,4,2,3,3
128,-999,-999,-999,-999,-999,-999
128,1,2,1,1,1,5
128,1,1,5,5,1,1
128,1,-999,-999,-999,1,-999
128,3,3,3,3,2,1
128,3,3,3,1,2,2
128,-999,-999,4,-999,-999,-999
128,-999,-999,-999,-999,-999,-999
128,-999,-999,-999,-999,-999,-999
128,1,1,1,2,2,1
128,3,3,3,4,-999,3
128,4,4,4,5,5,5
128,2,1,1,2,2,4
128,5,5,5,5,5,5
128,3,1,1,3,1,1
128,1,1,1,1,1,1
129,-999,-999,-999,-999,-999,-999
129,4,4,4,4,-999,4
129,-999,-999,-999,-999,-999,-999
129,-999,-999,-999,-999,-999,-999
129,2,2,2,2,2,1
129,-999,-999,-999,-999,-999,-999
129,-999,-999,-999,-999,-999,-999
129,-999,-999,-999,-999,-999,-999
129,-999,-999,-999,-999,-999,-999
129,-999,-999,-999,-999,-999,-999
129,-999,-999,-999,-999,-999,-999
129,3,3,3,1,4,4
129,-999,-999,-999,-999,-999,-999
129,-999,-999,-999,-999,-999,-999
129,-999,-999,-999,-999,-999,-999
129,3,2,1,1,1,1
129,-999,-999,-999,-999,-999,-999
130,-999,-999,-999,-999,-999,-999
130,-999,-999,-999,-999,-999,-999
130,1,2,3,1,2,1
130,2,2,2,5,2,4
131,5,5,4,3,3,2
131,-999,-999,-999,-999,-999,-999
131,2,2,2,1,2,5
131,-999,-999,-999,4,-999,4
131,4,4,3,4,4,-999
131,4,4,2,5,4,4
131,5,5,5,3,3,3
131,-999,-999,-999,-999,-999,-999
131,4,4,4,4,4,4
131,4,4,4,4,4,4
131,4,4,-999,4,4,4
131,4,2,4,3,4,4
131,5,5,1,5,5,5
131,3,3,3,3,3,4
131,5,4,3,5,5,5
131,5,5,1,4,4,5
131,4,4,4,2,5,5
131,4,5,4,4,4,4
131,4,4,4,4,3,3
131,2,1,1,5,5,1
131,5,5,5,4,4,4
131,3,3,1,4,4,3
131,4,4,4,4,4,4
132,-999,-999,-999,-999,-999,-999
132,5,-999,5,5,4,5
132,-999,-999,-999,-999,-999,-999
132,-999,-999,-999,-999,-999,-999
132,-999,-999,-999,2,-999,-999
132,4,5,5,4,4,5
132,4,4,4,4,-999,-999
132,1,1,1,2,2,2
132,2,2,2,4,4,-999
132,4,4,4,5,5,5
132,4,4,4,4,4,4
132,2,3,2,4,4,4
132,5,-999,3,5,5,5
132,5,5,4,3,3,3
132,-999,-999,-999,-999,-999,-999
132,4,4,4,4,4,4
132,5,5,4,1,1,5
132,4,3,3,4,4,4
132,1,1,1,4,4,5
132,-999,-999,-999,-999,-999,-999
132,5,5,5,5,5,5
132,2,2,2,2,2,2
132,-999,3,3,1,1,1
132,-999,-999,-999,-999,-999,-999
132,2,2,2,2,2,2
132,-999,-999,-999,-999,-999,-999
132,-999,-999,-999,-999,-999,-999
132,2,3,1,1,2,3
132,4,5,5,5,5,5
132,4,4,4,4,4,4
132,1,2,2,4,4,3
132,5,3,4,2,2,5
132,4,3,2,4,1,5
132,-999,-999,-999,-999,-999,-999
133,5,5,5,4,3,4
133,4,1,1,3,3,3
133,4,2,1,4,4,2
133,3,3,4,4,3,4
133,3,2,1,4,4,2
133,1,1,1,3,3,3
133,5,4,3,4,4,4
133,5,4,4,4,4,5
133,5,3,2,4,3,5
133,5,4,3,4,3,4
133,5,2,2,4,4,3
133,4,5,5,3,2,4
133,5,5,2,3,3,2
133,2,2,1,2,2,1
133,4,3,3,3,3,-999
133,4,4,4,2,2,1
133,4,3,2,4,4,4
133,5,4,2,5,5,5
133,4,2,3,5,4,4
133,3,4,4,4,4,4
133,5,5,5,5,5,5
133,5,4,4,3,4,5
133,3,3,2,3,4,3
133,4,2,3,2,1,2
133,5,5,4,3,2,3
133,3,3,4,4,3,-999
133,1,1,2,3,2,2
133,3,4,2,4,4,3
133,5,2,1,4,3,3
133,5,5,4,3,3,3
133,2,1,2,3,1,1
133,4,4,2,4,3,4
133,4,4,4,5,5,5
133,5,3,3,3,3,3
133,5,5,5,3,3,3
134,-999,-999,-999,-999,-999,-999
134,5,5,5,5,5,5
134,-999,-999,-999,-999,-999,-999
134,-999,-999,-999,3,-999,-999
134,3,3,3,3,3,4
134,1,1,1,1,1,5
134,1,1,1,4,1,5
134,4,4,5,4,4,4
134,2,2,1,4,4,4
134,3,3,3,4,4,2
134,1,1,1,1,1,1
134,3,4,3,4,1,4
134,5,5,3,5,5,5
135,-999,-999,-999,-999,-999,-999
135,5,2,4,1,1,2
135,5,1,1,5,1,5
135,-999,-999,-999,-999,-999,-999
135,-999,-999,-999,-999,-999,-999
135,4,4,4,2,1,3
135,1,1,1,2,1,1
135,2,2,2,1,2,2
135,1,1,1,-999,1,1
135,4,4,3,4,4,4
135,2,2,2,1,1,1
135,1,1,1,1,4,1
135,4,4,4,4,4,4
135,-999,-999,-999,5,-999,-999
135,-999,-999,-999,-999,-999,-999
135,1,3,4,1,2,-999
135,5,1,3,1,3,4
135,4,4,4,5,5,5
135,2,1,1,2,1,1
135,1,2,2,3,2,4
135,5,2,5,4,1,4
135,4,2,2,5,1,2
135,5,4,3,3,2,5
135,4,2,4,3,3,1
135,1,1,1,1,1,1
135,3,2,2,2,2,2
135,5,5,5,3,3,5
135,3,3,3,2,1,2
135,4,2,2,3,1,2
135,1,3,3,3,3,5
136,-999,-999,-999,-999,-999,-999
136,-999,-999,-999,-999,-999,-999
136,5,5,5,5,5,5
137,-999,-999,-999,-999,-999,-999
137,1,4,2,2,2,1
137,1,3,4,3,3,1
137,1,1,1,1,1,1
137,1,1,1,1,2,2
137,3,3,3,3,3,3
137,3,3,2,2,2,1
137,-999,-999,-999,-999,-999,-999
137,1,1,1,1,1,1
137,1,4,3,4,4,4
137,1,1,1,1,1,1
137,3,3,3,3,3,1
137,1,1,1,1,1,1
137,-999,-999,-999,-999,-999,-999
137,3,3,2,3,3,3
137,4,4,4,4,4,1
137,2,2,3,1,2,1
137,1,1,1,1,1,1
137,2,3,2,2,2,-999
137,4,4,4,3,3,1
137,4,3,3,3,2,3
137,4,4,4,4,1,2
137,4,4,4,4,4,4
137,2,1,3,3,3,4
137,1,1,1,1,1,1
137,1,1,2,2,1,1
137,1,1,1,3,3,2
137,4,4,4,4,4,1
137,2,2,3,3,2,1
137,2,3,2,3,2,3
138,3,1,1,3,3,1
138,1,2,1,1,1,-999
138,-999,-999,-999,-999,-999,-999
138,-999,-999,-999,-999,-999,-999
138,1,1,1,4,4,-999
138,2,1,1,1,1,1
138,4,4,4,5,5,4
138,2,2,3,3,3,3
138,5,2,2,2,3,2
138,-999,-999,-999,-999,-999,-999
138,1,5,4,5,2,5
138,4,4,4,4,4,4
138,-999,-999,-999,-999,-999,-999
138,4,5,5,5,5,4
138,1,1,1,1,1,1
138,3,2,2,-999,-999,-999
138,3,1,2,3,3,2
138,-999,-999,-999,-999,-999,-999
138,5,3,5,1,1,4
138,-999,-999,-999,-999,-999,-999
138,-999,-999,-999,-999,-999,-999
138,5,5,5,5,5,1
138,-999,-999,-999,-999,-999,-999
138,-999,-999,-999,-999,-999,-999
138,3,2,2,4,4,4
138,4,2,3,2,4,5
138,-999,5,5,-999,-999,-999
138,5,5,5,4,4,2
138,-999,-999,-999,-999,-999,-999
138,5,5,4,4,4,4
139,-999,-999,-999,-999,-999,-999
139,-999,-999,-999,-999,-999,-999
139,-999,-999,-999,-999,-999,-999
139,-999,-999,-999,-999,-999,-999
139,-999,-999,-999,-999,-999,-999
139,1,1,1,4,4,4
139,-999,-999,-999,-999,-999,-999
139,-999,-999,-999,-999,-999,-999
139,-999,-999,-999,-999,-999,-999
139,-999,-999,-999,-999,-999,-999
139,3,4,5,4,-999,-999
139,-999,-999,-999,-999,-999,-999
139,-999,-999,-999,-999,-999,-999
139,-999,-999,-999,-999,-999,-999
139,-999,-999,-999,-999,-999,-999
139,-999,-999,-999,-999,-999,-999
139,-999,-999,-999,-999,-999,-999
139,-999,-999,-999,-999,-999,-999
139,-999,-999,-999,-999,-999,-999
139,-999,-999,-999,-999,-999,-999
139,-999,-999,-999,-999,-999,-999
139,-999,-999,-999,-999,-999,-999
139,-999,-999,-999,-999,-999,-999
139,-999,-999,-999,-999,-999,-999
139,4,4,2,1,3,3
139,-999,-999,-999,-999,-999,-999
139,2,1,1,2,2,1
139,3,2,3,3,3,1
139,-999,-999,-999,-999,-999,-999
139,3,3,3,1,2,2
139,2,3,2,2,2,1
140,3,1,1,2,3,1
140,4,3,3,4,4,4
140,4,4,4,5,1,5
140,4,4,4,4,4,4
140,5,5,5,5,4,5
140,5,5,5,5,5,5
140,5,1,5,5,5,5
142,3,5,5,1,1,2
142,1,1,1,1,1,1
142,-999,-999,-999,-999,-999,-999
142,5,5,5,5,5,5
142,3,4,1,3,3,4
142,3,2,2,5,5,4
142,3,3,2,2,2,3
142,4,4,4,4,4,1
142,4,4,4,5,5,5
142,-999,-999,-999,-999,-999,-999
142,1,4,4,4,4,4
142,1,1,-999,3,4,-999
142,2,2,2,1,1,3
142,5,5,5,5,5,5
142,3,3,3,1,1,1
142,2,2,2,3,3,3
142,5,5,5,5,5,5
142,1,1,5,1,2,4
142,2,2,2,4,4,4
142,5,5,5,2,2,5
142,4,4,4,1,1,1
142,1,1,1,2,1,2
142,-999,4,3,4,4,4
143,4,3,4,5,4,4
143,1,1,1,3,3,3
143,5,5,5,-999,-999,-999
143,3,1,-999,-999,-999,-999
143,-999,-999,-999,-999,-999,-999
143,5,5,4,5,4,5
143,5,5,4,4,4,5
143,4,4,4,4,2,1
143,5,5,3,4,4,-999
143,4,3,1,1,4,3
143,5,4,5,4,5,-999
143,3,3,2,2,2,4
143,2,2,2,4,4,4
143,4,2,2,3,2,3
143,5,4,1,5,5,5
143,4,2,1,2,2,3
143,4,4,4,5,5,5
143,5,5,5,5,5,5
143,1,1,1,2,2,2
143,2,2,4,2,2,2
143,5,5,5,5,5,5
143,3,4,4,5,5,4
143,-999,-999,-999,-999,-999,-999
143,4,4,4,2,3,3
143,5,5,5,5,5,5
143,3,3,3,3,3,3
143,5,1,1,2,3,3
143,4,2,4,5,4,5
143,-999,-999,-999,-999,-999,-999
143,1,1,1,4,4,1
143,2,1,1,3,3,3
143,4,2,1,3,1,4
143,5,1,1,4,5,5
143,5,4,1,3,3,3
144,5,5,5,5,5,4
144,3,-999,-999,4,-999,-999
144,-999,-999,-999,-999,-999,-999
144,3,3,2,2,1,2
144,-999,-999,-999,-999,-999,-999
144,5,5,4,5,5,5
144,4,4,4,4,4,3
144,5,5,5,2,4,5
144,5,5,5,4,4,4
144,-999,-999,-999,-999,-999,-999
144,5,4,3,4,1,5
144,4,4,3,4,4,4
144,4,2,3,3,3,3
144,5,5,-999,2,5,5
144,2,2,2,2,2,2
144,2,4,3,2,2,2
144,-999,-999,-999,-999,-999,-999
144,1,2,1,1,1,1
145,1,1,1,1,1,3
145,2,-999,1,1,1,1
145,2,1,2,4,4,1
145,3,3,3,3,3,1
145,4,2,4,3,3,2
145,4,5,4,4,4,4
145,3,4,3,2,2,3
145,2,1,1,1,1,4
145,4,4,4,4,4,4
145,1,3,3,3,3,1
145,1,1,1,1,1,1
145,2,1,1,1,2,2
145,3,3,2,5,3,3
145,5,5,3,5,5,-999
145,1,1,1,1,1,2
145,2,3,2,1,1,2
145,4,1,2,2,2,3
145,4,4,3,3,3,3
145,-999,-999,-999,-999,-999,-999
145,4,3,2,4,1,1
145,2,2,3,4,2,2
145,1,1,1,1,1,1
145,2,2,1,4,4,4
145,2,2,3,3,3,1
145,3,2,2,3,3,2
146,4,4,4,4,4,5
146,5,3,1,4,3,4
146,4,3,-999,3,3,2
146,1,1,1,4,4,4
146,-999,-999,-999,-999,-999,-999
146,4,4,4,5,4,4
146,5,5,5,5,5,5
146,2,2,2,2,2,2
146,2,2,1,4,4,5
146,2,2,1,3,1,3
146,1,1,1,4,4,4
146,-999,-999,-999,-999,-999,-999
146,3,3,3,1,4,4
146,1,1,1,1,1,3
146,3,2,2,3,3,1
146,3,4,4,2,2,4
146,2,5,-999,-999,-999,-999
146,2,3,3,3,3,1
146,5,5,4,5,4,5
146,5,5,2,4,2,4
146,4,4,4,5,5,5
146,1,2,3,1,1,4
146,5,5,5,3,4,1
146,1,5,5,3,5,5
146,4,4,4,4,-999,4
146,5,4,4,1,1,5
146,3,4,4,5,3,-999
146,3,-999,1,2,2,2
146,5,5,5,4,3,3
146,1,1,1,3,1,1
146,1,2,2,4,4,-999
146,1,4,4,4,4,5
146,5,5,4,5,5,4
146,4,4,3,4,4,5
146,4,5,3,5,5,4
147,-999,-999,-999,-999,2,-999
147,4,4,1,4,4,1
147,4,4,4,4,4,4
147,-999,-999,-999,-999,-999,-999
147,-999,-999,-999,-999,-999,-999
147,-999,-999,-999,-999,-999,-999
147,1,-999,-999,-999,-999,-999
147,4,-999,4,-999,-999,-999
147,4,4,4,4,2,4
147,4,4,4,4,4,4
147,-999,-999,-999,-999,-999,-999
147,-999,-999,-999,-999,-999,-999
147,-999,2,3,-999,4,-999
147,2,2,2,1,1,1
147,-999,-999,-999,-999,-999,-999
147,-999,-999,4,4,4,-999
147,-999,-999,-999,-999,-999,-999
147,-999,-999,-999,-999,-999,-999
147,2,1,1,3,3,3
147,-999,-999,-999,-999,-999,-999
147,2,-999,-999,2,-999,2
147,3,3,3,2,2,3
148,1,1,1,5,5,-999
148,5,5,5,1,1,1
148,-999,2,2,2,1,1
148,1,1,4,2,-999,3
148,3,4,4,4,4,4
148,4,4,4,4,4,4
148,2,2,2,4,4,4
148,1,1,5,1,1,1
148,3,5,5,5,5,5
148,2,3,4,2,2,-999
148,5,3,3,3,3,3
148,-999,4,4,5,5,5
148,4,4,4,5,5,1
148,3,3,3,1,2,3
148,5,4,5,5,4,5
148,3,4,4,5,5,4
149,2,-999,-999,5,1,5
149,2,3,1,2,-999,3
149,-999,-999,-999,-999,-999,-999
149,5,4,4,2,1,4
149,2,2,2,2,2,2
149,3,3,3,1,2,3
149,-999,-999,-999,5,4,-999
149,2,3,3,-999,-999,-999
149,2,2,2,5,5,5
149,3,3,3,2,2,2
149,-999,-999,-999,-999,-999,-999
149,3,4,4,5,4,4
149,-999,-999,-999,-999,-999,-999
149,5,4,5,5,5,5
149,4,2,1,2,3,-999
149,1,1,1,3,3,3
149,5,5,5,4,4,4
149,1,1,1,1,1,1
149,3,1,2,2,1,3
149,4,3,1,5,5,5
149,4,5,5,3,4,2
149,3,2,1,2,1,4
149,3,-999,-999,1,1,2
149,1,3,1,3,1,3
149,1,4,4,4,4,4
149,-999,-999,-999,3,-999,-999
149,5,5,4,5,4,4
149,-999,5,-999,5,-999,-999
149,5,4,1,3,4,3
149,3,3,3,2,2,1
149,5,4,4,1,2,2
149,3,1,1,4,4,4
149,-999,-999,-999,-999,-999,-999
149,4,-999,4,3,3,3
149,5,5,5,5,5,5
150,2,1,1,5,4,1
150,-999,-999,-999,-999,-999,-999
150,5,5,5,5,5,5
150,2,2,2,2,2,2
150,1,1,1,1,1,1
150,3,3,1,3,3,3
150,3,3,3,3,2,2
150,4,4,4,2,-999,3
150,5,3,3,1,-999,4
150,-999,-999,-999,1,-999,-999
150,5,5,5,5,5,5
150,4,4,4,4,4,4
150,4,3,3,4,4,4
150,-999,-999,-999,-999,-999,-999
150,4,1,1,1,3,2
150,-999,-999,-999,-999,-999,-999
150,1,1,1,4,3,2
150,1,2,2,2,1,4
150,1,5,-999,5,5,5
150,1,3,3,3,3,3
150,-999,-999,-999,5,-999,-999
150,1,2,3,2,2,1
150,1,1,1,1,1,1
150,2,1,1,2,1,2
150,5,5,5,5,5,5
150,4,4,2,4,3,4
150,4,4,3,4,4,4
150,2,2,2,3,3,3
150,4,3,4,3,3,3
150,5,4,4,4,4,4
150,3,3,3,2,1,5
150,1,1,1,3,3,3
150,3,2,1,3,3,3
151,4,5,5,4,4,3
151,-999,-999,-999,-999,-999,-999
151,-999,-999,-999,-999,-999,-999
152,1,1,1,4,4,4
152,5,2,1,3,4,3
152,-999,5,5,5,5,5
152,1,1,1,5,5,1
152,-999,-999,-999,-999,-999,-999
152,1,1,2,3,3,4
152,5,5,3,4,4,4
152,4,4,4,5,5,4
152,4,3,1,3,3,1
152,-999,-999,-999,4,-999,4
152,3,4,3,4,4,5
152,4,5,5,4,4,3
152,4,4,4,5,1,1
152,5,2,-999,3,2,4
152,3,4,4,4,4,2
152,-999,-999,-999,-999,-999,-999
152,4,4,5,5,5,5
152,5,5,5,4,3,4
152,5,4,4,5,5,4
152,5,3,3,5,5,5
152,5,5,5,-999,2,2
152,1,1,4,4,4,4
152,4,2,2,5,5,5
152,4,4,4,5,4,5
152,-999,-999,-999,-999,-999,-999
152,1,1,1,5,5,5
152,1,4,1,5,5,1
152,4,2,4,5,5,5
152,5,5,5,5,5,5
152,5,5,2,5,5,5
152,2,2,3,2,2,4
152,4,2,2,2,4,5
152,5,5,1,5,5,5
152,3,3,3,2,2,2
152,2,2,2,2,2,2
153,1,1,1,1,1,1
153,4,4,-999,4,4,4
153,4,4,4,4,3,4
153,5,4,3,4,3,3
153,5,4,4,2,4,2
153,5,4,4,5,5,5
153,5,5,4,5,4,5
153,3,3,3,3,3,3
153,4,4,4,4,4,5
153,4,4,4,5,5,5
153,5,5,5,5,5,2
153,5,5,5,5,5,5
153,5,5,4,1,1,1
153,5,4,2,5,4,1
153,-999,-999,-999,-999,-999,-999
153,1,4,-999,4,4,4
153,5,5,5,5,3,2
153,4,3,3,3,3,4
153,4,3,3,3,3,4
153,4,5,4,4,4,3
154,4,4,3,4,4,4
154,5,5,5,4,4,5
154,-999,3,3,3,3,3
154,2,2,1,4,4,4
154,5,4,2,4,4,4
154,4,4,4,3,3,5
154,4,4,4,5,5,5
154,1,1,1,2,2,4
154,1,1,1,1,1,1
154,4,3,2,3,2,3
154,3,4,5,3,3,3
154,5,4,4,4,4,5
154,3,3,3,2,2,4
154,1,1,1,3,3,3
154,-999,-999,-999,3,-999,3
154,1,1,1,1,1,1
154,5,3,3,2,4,3
154,5,4,4,5,5,5
154,4,1,1,4,4,4
154,1,1,1,2,2,2
154,-999,-999,-999,-999,-999,-999
154,5,-999,-999,1,2,1
154,2,2,2,2,2,2
154,5,5,4,1,1,5
154,4,4,4,4,1,5
154,4,4,3,4,4,4
154,4,3,4,5,5,5
154,4,4,4,4,4,3
154,4,4,4,5,5,5
154,4,5,5,5,5,4
154,3,4,1,3,2,3
154,5,4,2,5,5,5
154,4,2,4,4,2,5
154,5,4,1,4,3,4
155,1,4,4,4,4,4
155,3,1,1,1,4,4
155,3,3,1,3,3,3
155,1,2,1,3,3,3
155,4,4,1,1,5,5
155,2,3,3,-999,1,-999
155,4,4,5,2,2,1
155,2,2,1,4,4,4
155,-999,-999,-999,-999,2,-999
155,1,1,1,1,1,1
155,2,4,4,1,2,4
155,1,1,1,1,1,1
155,5,5,5,5,5,5
155,3,3,3,2,3,3
155,4,4,4,4,4,4
155,1,1,1,1,1,1
155,1,2,1,1,2,2
155,5,3,5,5,5,5
155,1,1,1,1,1,4
155,4,4,4,1,1,4
155,3,1,1,4,1,5
155,1,1,1,2,2,1
155,5,5,1,4,4,4
155,1,1,1,1,1,1
155,1,1,1,1,3,3
155,4,4,4,5,4,4
155,3,4,4,2,4,1
155,5,3,2,4,3,4
155,4,5,5,5,4,4
155,1,1,1,4,4,2
155,3,3,2,3,2,3
155,4,1,1,1,1,1
155,3,3,1,4,4,4
156,-999,-999,-999,-999,-999,-999
156,-999,-999,-999,-999,-999,-999
156,-999,-999,-999,2,-999,-999
156,1,1,1,1,1,1
156,5,5,5,5,5,5
156,-999,-999,-999,-999,-999,-999
156,1,1,1,1,1,1
156,5,4,2,1,4,4
156,-999,-999,-999,-999,1,-999
156,2,2,4,2,3,4
156,3,3,3,3,3,3
156,1,1,-999,1,1,1
156,-999,-999,-999,-999,-999,-999
156,1,4,1,1,1,1
156,5,5,5,5,5,5
156,-999,4,4,2,1,1
156,3,3,1,1,1,4
156,3,3,3,3,3,3
156,3,5,2,4,4,4
156,5,5,4,3,3,4
156,2,2,2,2,2,2
156,4,3,2,4,4,1
156,5,5,2,5,5,5
156,3,3,2,1,1,4
156,4,3,4,5,5,5
156,2,3,3,3,2,3
156,4,4,5,3,3,4
156,1,1,1,1,1,1
156,3,2,2,2,3,2
156,-999,-999,-999,-999,-999,-999
156,3,4,4,4,3,3
157,-999,-999,-999,-999,-999,-999
157,-999,-999,-999,-999,-999,-999
157,5,4,-999,-999,-999,-999
157,3,-999,-999,-999,-999,-999
157,4,1,4,4,-999,3
157,3,3,1,2,2,2
157,5,3,4,2,2,5
157,-999,-999,-999,-999,-999,-999
157,4,4,4,4,4,4
157,-999,-999,-999,-999,-999,-999
157,2,1,1,4,4,4
157,5,5,5,5,5,5
157,5,5,5,5,5,5
157,4,4,3,2,4,-999
157,1,1,1,1,1,1
157,4,3,1,5,5,5
157,4,-999,4,4,4,4
157,-999,-999,-999,-999,-999,-999
157,-999,-999,-999,-999,-999,-999
157,1,1,1,2,1,2
157,1,1,1,1,1,1
157,3,2,2,2,2,3
157,-999,-999,-999,-999,-999,-999
157,-999,-999,-999,-999,-999,-999
157,5,5,5,5,5,5
157,4,4,4,2,2,4
157,5,5,5,5,5,5
157,1,1,1,1,1,1
157,5,5,5,3,3,5
157,2,1,1,1,1,2
157,-999,-999,-999,-999,-999,-999
157,3,-999,-999,-999,-999,-999
157,5,5,5,5,5,5
157,-999,-999,-999,1,1,1
157,-999,-999,-999,-999,-999,-999
158,-999,-999,-999,-999,-999,-999
158,1,1,1,1,1,1
158,3,3,3,2,3,1
158,4,1,2,2,2,4
158,-999,-999,-999,-999,-999,-999
158,2,1,2,2,3,2
158,4,4,5,2,2,2
158,2,2,2,2,2,2
158,5,5,5,4,4,4
158,-999,-999,-999,-999,-999,-999
158,5,4,4,4,5,5
158,4,3,3,1,1,1
158,1,1,1,1,1,1
158,-999,-999,-999,-999,-999,-999
158,2,4,4,1,3,3
158,4,4,4,4,4,4
158,-999,-999,1,-999,-999,-999
158,2,2,2,2,2,1
158,4,4,4,4,4,5
158,-999,-999,-999,-999,2,-999
158,3,-999,-999,2,-999,-999
158,3,3,3,2,2,2
158,3,2,2,-999,-999,-999
158,5,4,5,1,4,5
158,-999,-999,-999,-999,-999,-999
158,1,2,-999,2,3,1
158,5,5,2,1,1,1
158,1,-999,1,1,1,1
158,1,2,2,1,4,2
158,4,5,5,3,3,4
158,1,1,1,2,1,2
158,5,5,4,2,3,1
158,1,2,2,4,4,4
159,-999,-999,-999,-999,-999,-999
159,1,5,5,1,1,-999
159,2,-999,2,-999,-999,-999
159,4,5,5,4,4,-999
159,1,-999,1,3,4,3
159,2,5,3,2,-999,-999
159,1,-999,2,1,1,-999
159,5,4,4,4,4,4
159,2,2,3,2,3,3
159,4,4,4,3,3,4
159,4,3,4,1,2,4
159,3,2,1,4,4,4
159,5,5,5,5,5,5
159,-999,-999,-999,-999,-999,-999
159,5,5,5,1,1,5
159,3,1,2,3,3,-999
159,4,4,4,3,2,4
159,2,2,2,2,2,2
159,2,2,1,1,1,3
159,4,4,4,4,4,4
159,3,3,2,4,3,3
159,1,1,1,1,1,1
159,-999,-999,-999,-999,-999,-999
159,1,5,1,5,5,3
159,5,5,4,3,3,5
159,4,4,4,4,4,4
159,4,5,5,4,4,3
159,5,5,5,5,5,5
159,4,4,4,4,4,4
159,5,5,5,2,3,4
159,1,1,1,1,1,1
159,5,5,5,4,4,4
160,-999,-999,-999,2,-999,-999
160,2,2,1,1,1,2
160,2,2,5,2,2,1
160,5,4,1,3,3,3
160,4,4,4,4,4,4
160,5,5,5,5,5,5
162,3,2,4,1,2,4
162,4,4,4,4,4,4
162,5,4,4,4,2,5
162,5,5,5,5,5,5
162,4,5,5,4,1,5
162,5,4,2,4,4,4
162,5,4,4,4,4,4
162,5,5,5,5,5,5
162,2,3,2,1,2,2
162,2,2,2,3,3,3
162,5,5,3,4,3,3
162,4,4,4,4,4,4
162,5,4,4,4,4,4
162,4,4,4,5,4,4
162,4,2,2,4,4,5
162,4,3,2,1,1,3
162,5,3,1,4,1,5
162,4,5,5,4,1,4
162,3,3,2,1,1,2
162,4,4,4,4,4,4
162,5,5,4,4,3,4
162,5,5,5,4,4,4
162,5,5,5,-999,-999,-999
162,5,3,3,1,2,3
162,5,4,4,4,1,4
162,4,4,2,3,2,2
162,5,4,3,4,4,3
162,5,3,4,2,3,3
162,4,5,2,5,4,4
162,5,5,2,5,5,5
163,4,4,4,1,1,1
163,3,2,2,3,2,3
163,1,1,2,2,2,2
163,5,5,5,4,4,-999
163,5,5,5,4,4,5
163,2,2,2,2,3,2
163,-999,-999,-999,-999,-999,-999
163,1,1,2,3,3,4
163,3,3,2,4,3,1
163,5,-999,5,2,3,3
163,1,1,1,3,3,3
163,3,3,1,3,-999,-999
163,-999,-999,-999,-999,-999,-999
163,1,1,2,4,4,2
163,2,1,1,4,3,3
163,-999,-999,-999,-999,-999,-999
163,1,1,3,4,4,3
163,3,3,3,3,3,3
163,3,3,3,3,1,3
163,1,1,1,3,1,3
163,5,5,5,4,4,4
163,4,4,1,4,4,3
163,3,3,2,4,3,3
163,-999,-999,-999,-999,-999,-999
163,2,2,1,1,1,2
163,1,1,1,1,2,2
163,1,1,1,3,3,3
163,2,1,1,3,1,4
163,3,3,3,2,2,1
163,4,5,5,3,3,4
163,4,3,1,4,4,4
163,1,4,4,4,4,4
164,-999,-999,-999,-999,-999,-999
164,-999,-999,-999,-999,-999,-999
164,3,3,3,4,-999,-999
164,-999,-999,-999,-999,-999,-999
164,-999,-999,-999,-999,-999,-999
164,-999,-999,-999,-999,-999,-999
164,-999,1,1,1,2,4
164,-999,-999,-999,-999,-999,-999
164,-999,-999,-999,5,-999,-999
165,1,1,1,1,1,5
165,4,4,3,4,5,5
165,5,5,5,5,5,5
165,4,4,4,4,4,4
165,4,4,4,3,3,3
165,-999,-999,-999,-999,1,-999
165,-999,-999,-999,-999,-999,-999
165,-999,-999,-999,-999,-999,-999
165,-999,-999,-999,-999,-999,-999
165,5,4,5,5,5,5
165,2,2,2,4,4,4
165,2,4,4,-999,-999,-999
165,-999,-999,-999,-999,-999,-999
165,1,1,1,2,1,-999
165,-999,-999,-999,4,4,4
165,1,1,1,1,1,1
165,-999,-999,-999,-999,-999,-999
165,3,4,-999,5,5,-999
165,5,5,5,5,5,5
165,3,2,2,-999,-999,4
165,-999,-999,-999,3,-999,-999
166,4,4,4,5,5,1
166,1,1,3,1,3,4
166,1,1,1,2,2,2
166,1,1,1,1,1,1
166,5,4,4,4,4,1
166,-999,-999,-999,-999,-999,-999
166,4,4,4,4,4,3
166,-999,-999,-999,-999,-999,-999
166,3,3,-999,1,3,3
166,5,3,5,3,4,2
166,4,3,3,5,4,4
166,3,3,3,4,4,2
166,4,1,3,5,5,5
166,4,4,4,3,1,4
166,5,4,4,4,3,4
166,5,3,4,5,5,3
166,4,4,4,4,4,1
166,1,2,1,3,1,3
166,4,4,4,4,4,4
166,4,3,3,4,4,4
166,5,5,5,4,3,4
166,3,2,2,4,3,2
166,3,3,1,2,2,3
166,3,3,2,2,2,3
166,1,1,1,1,3,1
166,1,4,3,2,3,3
166,3,2,2,3,-999,1
166,4,3,2,4,4,4
166,3,3,2,2,2,1
166,1,1,1,1,1,2
166,4,3,3,3,3,3
166,-999,-999,-999,-999,-999,-999
167,-999,-999,-999,-999,-999,-999
167,-999,-999,-999,-999,-999,-999
167,-999,-999,-999,-999,-999,-999
167,-999,-999,-999,-999,-999,-999
167,2,4,3,1,2,2
167,-999,-999,-999,-999,-999,-999
167,-999,-999,-999,-999,-999,-999
167,-999,-999,-999,-999,-999,-999
167,-999,-999,-999,-999,-999,-999
167,-999,-999,-999,-999,-999,-999
167,-999,-999,-999,2,-999,-999
167,-999,-999,-999,-999,-999,-999
167,-999,-999,-999,-999,-999,-999
167,-999,-999,-999,-999,-999,-999
167,-999,-999,-999,-999,-999,-999
167,-999,-999,-999,-999,-999,-999
167,-999,-999,-999,-999,-999,-999
167,-999,-999,-999,-999,-999,-999
167,-999,-999,-999,-999,-999,-999
167,-999,-999,-999,-999,-999,-999
167,-999,-999,-999,-999,-999,-999
168,1,4,1,1,1,2
168,-999,-999,-999,-999,-999,-999
168,3,4,4,4,4,4
168,2,3,1,2,2,2
168,3,3,3,3,2,2
168,4,4,5,5,5,2
169,1,-999,1,1,-999,1
169,-999,-999,-999,-999,4,-999
169,3,1,3,4,3,5
169,5,4,3,3,3,-999
169,-999,-999,-999,-999,-999,-999
169,-999,-999,-999,-999,2,-999
169,-999,-999,-999,-999,-999,-999
169,1,2,2,-999,-999,-999
169,-999,-999,-999,-999,1,-999
169,2,2,2,2,2,2
169,-999,-999,3,4,-999,-999
169,-999,-999,-999,4,-999,-999
169,-999,-999,-999,-999,-999,-999
169,3,2,-999,-999,1,1
169,-999,-999,-999,-999,-999,-999
169,2,2,1,2,2,1
169,4,4,4,4,4,4
169,1,3,3,1,1,1
169,-999,-999,-999,-999,-999,-999
169,4,4,4,4,4,4
169,1,2,1,2,2,1
169,-999,-999,-999,-999,-999,-999
169,-999,-999,-999,-999,-999,-999
169,1,1,1,1,1,1
169,4,4,2,1,2,5
169,1,2,-999,2,3,4
169,-999,-999,-999,3,3,-999
169,-999,-999,-999,-999,-999,-999
170,4,4,4,5,5,5
170,5,5,5,5,5,5
170,4,4,4,4,4,4
170,-999,-999,-999,-999,-999,-999
170,4,4,4,4,4,4
170,5,5,5,5,5,5
170,5,4,4,4,4,4
170,-999,-999,-999,-999,-999,-999
170,5,5,1,1,2,5
170,5,5,5,1,-999,5
170,4,4,5,4,4,4
170,-999,-999,-999,-999,-999,-999
170,4,4,1,4,4,-999
170,1,3,4,3,3,3
170,1,1,1,1,2,2
170,1,5,1,4,4,5
170,5,5,4,3,3,2
170,5,4,4,3,3,1
170,1,1,2,1,1,1
170,-999,5,5,4,-999,-999
170,1,1,1,1,1,1
170,2,4,5,4,2,3
170,3,3,1,4,3,3
170,4,3,3,4,4,4
170,5,5,5,5,5,5
170,-999,-999,-999,3,-999,-999
170,5,5,5,1,2,5
170,3,3,3,4,4,4
170,2,3,4,4,3,4
170,4,4,5,5,5,5
170,4,-999,-999,-999,-999,-999
171,-999,-999,-999,-999,-999,-999
171,-999,-999,-999,-999,-999,-999
171,-999,-999,-999,-999,-999,-999
171,-999,-999,-999,-999,-999,-999
171,-999,-999,-999,-999,-999,-999
171,-999,-999,-999,-999,-999,-999
171,-999,-999,-999,-999,-999,-999
171,-999,-999,-999,-999,-999,-999
171,-999,-999,-999,-999,-999,-999
171,-999,-999,-999,-999,-999,-999
171,-999,-999,-999,-999,-999,-999
171,-999,-999,-999,-999,-999,-999
171,-999,-999,-999,-999,-999,-999
171,-999,-999,-999,-999,-999,-999
171,-999,-999,-999,-999,-999,-999
171,-999,-999,-999,-999,-999,-999
171,-999,-999,-999,-999,-999,-999
171,-999,-999,-999,-999,2,-999
171,-999,-999,-999,-999,-999,-999
171,-999,-999,-999,-999,-999,-999
171,4,1,3,2,4,1
171,-999,-999,-999,-999,-999,-999
171,-999,-999,-999,-999,-999,-999
171,-999,-999,-999,-999,-999,-999
171,3,2,3,3,2,3
171,1,1,2,2,1,1
172,1,1,1,1,1,2
172,3,4,4,4,3,4
172,-999,-999,-999,-999,-999,2
172,-999,-999,-999,1,-999,-999
172,1,1,1,2,1,2
172,-999,-999,-999,2,-999,-999
172,4,2,2,4,4,4
172,5,5,5,5,5,5
172,-999,-999,-999,-999,-999,-999
172,3,5,5,3,3,3
172,-999,-999,4,5,-999,-999
172,2,1,3,2,2,2
172,1,2,2,1,2,3
172,5,5,5,3,3,3
172,-999,-999,-999,-999,-999,-999
172,4,4,4,4,4,3
172,1,3,2,4,4,1
172,4,4,4,2,2,-999
172,1,1,2,1,2,1
172,4,4,4,4,4,4
172,3,4,3,4,4,4
172,3,1,1,2,1,1
172,5,4,4,4,3,1
172,4,4,3,4,4,4
172,4,3,1,5,5,5
172,-999,-999,-999,-999,-999,-999
172,3,3,1,3,1,3
172,1,1,1,1,1,1
172,-999,-999,-999,1,-999,-999
172,-999,-999,-999,-999,-999,-999
172,5,1,4,2,3,1
172,3,2,3,2,2,2
172,5,5,5,5,5,5
172,1,2,2,4,3,4
173,3,-999,3,4,4,1
173,1,2,2,1,1,1
173,1,1,1,4,1,4
173,1,1,1,2,1,3
173,-999,3,4,4,4,4
173,4,4,1,3,3,3
173,4,4,4,4,4,4
173,4,4,3,4,3,1
173,2,2,1,1,1,1
173,3,3,4,3,3,4
173,1,1,1,1,1,2
173,5,5,5,5,5,4
173,3,3,3,3,3,3
173,1,1,1,2,1,1
173,3,4,2,1,4,2
173,1,1,1,4,4,1
173,3,3,3,3,3,3
173,3,1,1,4,4,1
173,1,1,1,1,1,1
173,1,1,3,1,1,3
173,3,2,2,1,3,1
173,1,2,1,1,2,2
173,4,4,4,5,5,5
173,-999,-999,-999,3,-999,-999
173,1,1,1,1,1,1
173,4,3,4,4,3,3
173,1,1,1,1,1,1
173,3,3,3,2,3,3
173,2,2,2,2,2,3
173,1,1,1,1,1,1
173,4,5,5,4,4,5
173,4,4,2,4,4,4
174,4,4,2,1,3,5
174,-999,-999,-999,-999,-999,-999
174,3,4,3,3,3,4
174,3,2,2,2,3,4
174,-999,-999,-999,-999,-999,-999
175,-999,-999,-999,-999,-999,-999
175,4,5,4,3,3,3
175,-999,-999,-999,-999,-999,-999
175,-999,-999,-999,-999,-999,-999
175,-999,-999,-999,-999,-999,-999
175,-999,-999,-999,-999,-999,-999
175,-999,-999,-999,-999,-999,-999
175,-999,-999,-999,-999,-999,-999
175,1,1,1,1,1,1
175,-999,-999,-999,-999,-999,-999
175,-999,-999,-999,-999,-999,-999
175,3,2,2,2,1,1
175,2,-999,2,2,2,1
175,2,2,1,3,1,2
175,-999,-999,-999,-999,-999,-999
175,3,3,3,2,2,2
175,-999,-999,-999,-999,-999,-999
175,1,4,4,2,1,2
175,2,2,2,2,1,1
175,3,3,3,3,3,3
175,2,4,3,3,3,3
175,1,2,3,5,5,2
175,1,1,1,2,1,1
175,2,2,2,-999,-999,-999
175,1,1,1,4,1,-999
175,3,3,1,2,2,2
175,-999,-999,-999,-999,-999,-999
175,3,3,1,3,3,3
175,3,2,2,4,2,1
175,1,1,1,1,1,1
176,-999,2,2,1,3,1
176,1,1,1,3,3,3
176,2,2,2,4,4,1
176,5,3,4,2,2,1
176,4,3,3,1,4,4
176,4,3,2,2,2,1
177,5,5,5,4,5,2
177,3,3,1,4,4,1
177,2,2,1,5,5,5
177,4,4,4,4,4,4
177,5,4,4,5,5,5
177,1,5,4,1,1,-999
177,4,3,1,1,2,3
177,4,1,1,5,5,5
177,5,2,3,5,5,4
177,5,5,5,5,5,1
177,4,4,2,4,2,1
177,2,1,2,5,5,5
177,5,5,5,2,2,3
177,5,5,5,5,5,5
177,5,5,5,5,3,4
177,4,4,1,4,4,2
177,4,4,4,5,5,5
177,4,3,2,1,1,4
177,4,-999,4,4,4,4
177,5,4,4,5,5,5
177,4,5,5,4,4,4
177,2,2,2,2,2,3
177,-999,4,2,-999,2,3
177,1,1,1,5,5,5
177,-999,-999,-999,-999,1,-999
177,4,4,2,5,4,5
177,5,5,5,5,5,5
177,4,4,4,5,5,5
177,5,5,5,3,4,5
177,4,4,5,5,5,4
178,-999,-999,-999,-999,-999,-999
178,-999,-999,-999,-999,-999,-999
178,-999,-999,-999,-999,-999,-999
178,-999,-999,-999,-999,-999,-999
178,-999,-999,-999,-999,-999,-999
178,-999,-999,-999,-999,-999,-999
178,-999,-999,-999,-999,-999,-999
178,-999,-999,-999,-999,-999,-999
178,-999,-999,-999,-999,-999,-999
178,-999,-999,-999,-999,-999,-999
178,-999,-999,-999,2,2,-999
178,3,3,3,2,2,2
178,2,2,3,2,2,1
178,1,3,3,2,1,2
178,-999,-999,-999,-999,-999,-999
178,1,1,4,2,1,1
178,5,5,5,2,2,5
178,3,3,3,3,3,4
178,-999,-999,-999,-999,-999,-999
178,1,1,1,-999,-999,-999
178,4,5,-999,4,4,5
178,-999,-999,-999,-999,-999,-999
178,-999,-999,2,3,3,3
178,-999,-999,-999,-999,-999,-999
178,-999,-999,-999,-999,-999,-999
178,-999,-999,-999,-999,-999,-999
178,5,5,5,3,3,3
178,5,5,1,2,3,5
178,-999,-999,-999,-999,-999,-999
178,2,1,1,2,2,2
178,1,1,1,1,1,1
178,4,4,5,1,1,3
178,1,1,1,1,1,1
178,-999,-999,-999,-999,-999,-999
178,1,1,1,1,1,1
179,3,1,1,2,2,2
179,4,1,1,5,5,5
179,5,4,4,4,4,3
179,5,5,3,2,2,5
179,4,4,4,4,4,4
179,5,4,4,5,5,5
179,1,1,1,3,3,3
179,4,3,1,4,4,3
179,5,4,4,5,4,5
179,5,5,5,5,5,5
179,5,5,1,2,3,2
179,5,5,5,5,4,3
179,5,4,4,5,-999,4
179,5,3,3,3,3,3
179,4,-999,3,4,4,3
179,4,3,4,4,2,4
179,4,5,5,4,1,3
179,3,3,4,4,4,4
179,4,4,5,5,5,1
179,5,5,5,4,5,5
179,4,4,4,5,5,5
179,2,2,2,3,2,2
179,4,2,2,4,1,4
179,3,5,4,5,5,5
179,3,4,4,5,5,5
179,2,1,1,1,2,5
179,5,3,3,5,5,4
179,3,3,3,4,4,5
179,5,4,2,5,2,5
179,5,4,1,3,2,3
179,3,1,1,3,3,3
179,3,4,1,5,5,5
179,5,5,1,4,4,4
179,4,2,2,2,4,4
179,4,4,3,3,3,4
180,-999,-999,-999,4,2,-999
180,1,3,1,1,2,1
180,4,4,-999,3,3,3
180,5,4,3,3,2,3
180,2,2,2,2,1,3
180,-999,-999,-999,-999,-999,-999
180,1,2,2,2,2,2
180,1,1,1,2,1,2
180,-999,-999,-999,-999,2,-999
180,1,1,1,2,2,2
180,-999,-999,-999,-999,-999,5
180,2,-999,-999,2,2,2
180,-999,-999,-999,-999,-999,2
180,-999,-999,-999,-999,-999,-999
180,2,3,2,2,3,1
180,3,3,3,3,3,1
180,-999,-999,-999,4,-999,-999
180,1,1,3,5,5,5
180,-999,-999,-999,-999,-999,2
180,-999,-999,-999,-999,-999,-999
180,2,-999,3,2,4,2
180,4,4,3,4,4,4
180,3,4,3,3,4,-999
180,2,2,2,2,1,2
180,2,1,2,2,3,2
180,4,3,5,1,4,3
180,1,1,1,1,1,1
180,4,5,1,2,2,2
180,4,3,2,4,1,2
181,3,3,4,3,3,3
181,5,5,5,4,4,4
181,4,4,3,5,5,4
181,4,4,2,5,5,2
181,5,4,4,5,2,4
181,2,1,2,5,5,5
181,5,5,5,5,5,5
181,2,2,4,3,2,2
181,-999,-999,-999,-999,-999,-999
181,1,1,1,2,4,3
181,5,5,5,5,5,5
181,5,5,3,5,5,4
181,5,5,5,5,5,5
181,5,5,5,5,3,3
181,5,5,4,4,3,4
182,-999,-999,-999,-999,-999,-999
182,-999,-999,-999,-999,-999,-999
182,-999,-999,-999,-999,-999,-999
182,-999,-999,-999,-999,-999,-999
182,4,4,4,4,4,4
182,3,3,1,1,1,4
182,-999,-999,-999,-999,-999,-999
182,2,2,2,3,4,2
182,4,2,1,4,4,4
182,4,4,3,4,3,4
182,2,2,1,4,4,4
182,-999,-999,-999,-999,-999,-999
182,5,4,4,5,5,5
182,4,1,4,4,4,4
182,-999,-999,-999,-999,-999,-999
182,-999,-999,-999,-999,-999,-999
182,-999,-999,-999,-999,-999,-999
182,-999,-999,-999,-999,-999,-999
182,4,4,5,2,3,3
182,5,5,4,5,5,5
182,4,3,3,4,4,3
182,5,4,3,2,2,1
182,4,1,1,4,1,2
182,1,1,1,4,4,5
182,5,5,3,3,4,4
182,5,5,5,5,5,5
182,2,2,2,2,2,2
182,-999,-999,-999,-999,-999,-999
182,5,4,3,4,4,2
182,5,5,3,2,4,5
182,3,3,3,3,3,4
182,5,5,5,1,5,5
182,1,3,3,3,3,-999
183,4,4,4,1,4,4
183,3,2,1,3,4,4
183,4,1,1,4,4,1
183,5,4,4,4,4,5
183,2,-999,-999,-999,-999,-999
183,4,1,4,4,5,4
183,4,3,5,4,5,3
183,4,2,2,2,2,3
183,4,4,1,2,3,1
183,5,5,5,4,4,3
183,4,2,2,3,2,2
183,5,5,4,4,4,4
183,5,1,3,4,3,3
183,5,5,1,4,1,4
183,3,1,1,4,1,3
183,5,2,5,5,1,5
183,5,-999,5,5,1,5
183,3,3,1,4,4,4
183,3,3,3,4,4,4
183,5,5,5,5,5,1
183,4,3,2,4,3,4
183,5,1,1,4,2,5
183,5,4,4,1,1,1
183,5,4,4,2,1,3
183,5,5,5,5,5,1
183,5,1,5,5,5,1
183,4,4,4,4,1,4
183,5,5,4,5,4,5
183,5,3,3,4,4,1
183,3,3,4,3,4,4
183,5,4,4,3,1,2
183,5,4,4,5,5,3
183,4,4,4,4,4,4
183,5,4,1,5,5,5
184,-999,-999,-999,-999,-999,-999
184,2,2,2,2,2,2
184,1,1,2,2,3,-999
184,5,5,5,1,1,1
184,-999,3,3,4,4,-999
184,-999,-999,-999,1,-999,-999
184,1,1,1,1,1,1
184,-999,-999,-999,-999,-999,-999
184,5,5,5,5,4,4
184,-999,-999,-999,-999,-999,-999
184,3,3,1,4,4,4
184,1,1,1,1,1,1
184,4,4,4,3,3,3
184,1,2,2,1,1,1
184,2,2,2,2,2,2
184,3,3,2,4,2,4
184,-999,-999,-999,-999,-999,-999
184,5,5,5,4,4,4
184,2,2,-999,4,4,-999
184,-999,-999,-999,5,-999,-999
184,5,4,4,4,4,4
184,-999,-999,-999,-999,-999,-999
184,1,1,1,4,4,4
184,-999,-999,-999,-999,-999,-999
184,2,2,2,2,2,2
184,-999,-999,-999,-999,-999,-999
184,5,5,5,5,5,5
184,-999,-999,5,-999,-999,-999
184,2,1,1,1,1,1
184,2,2,2,5,3,1
184,-999,-999,-999,-999,-999,-999
184,3,2,2,2,3,2
184,1,4,1,5,5,5
185,5,5,5,1,1,5
185,5,5,5,1,4,4
185,5,3,1,2,2,2
185,2,2,3,3,3,-999
185,4,1,3,4,4,3
185,5,5,3,4,3,2
185,5,4,4,4,4,5
185,5,4,4,4,4,3
185,4,4,4,2,2,4
185,5,5,5,4,4,3
185,4,5,3,4,1,5
185,5,4,3,3,2,3
185,5,4,2,4,3,4
185,5,5,5,3,5,4
185,4,3,2,4,4,5
185,2,3,3,-999,3,5
185,5,4,3,4,3,4
185,3,4,3,3,3,3
185,5,3,2,5,3,2
185,5,5,1,4,4,4
185,5,5,5,5,5,5
185,4,4,3,3,4,3
185,3,3,4,3,3,4
185,5,3,4,2,2,3
185,5,4,4,4,4,4
185,4,3,5,4,4,3
185,4,4,4,2,2,2
185,1,1,1,3,3,3
185,3,1,1,4,3,4
185,5,5,4,2,2,2
185,5,5,2,5,3,1
185,4,4,4,3,3,4
186,-999,-999,-999,-999,-999,-999
186,-999,-999,-999,-999,-999,-999
186,-999,-999,-999,-999,-999,-999
186,-999,-999,-999,-999,-999,-999
187,3,-999,3,-999,3,-999
187,-999,2,-999,2,-999,-999
187,1,1,-999,2,3,-999
187,3,2,2,4,4,3
187,-999,-999,-999,-999,-999,-999
187,-999,-999,-999,-999,-999,-999
187,5,5,5,5,5,5
187,-999,-999,-999,-999,-999,-999
187,1,1,1,1,1,1
187,1,1,1,1,1,1
187,4,4,1,4,1,4
187,3,1,3,4,4,5
187,3,3,3,3,3,-999
187,4,4,1,5,4,4
187,1,2,1,1,1,1
187,-999,-999,-999,3,3,3
187,1,1,2,2,1,2
187,-999,-999,-999,3,-999,-999
187,5,2,4,4,4,4
187,2,3,2,5,5,-999
187,-999,-999,-999,-999,-999,-999
187,3,3,-999,4,4,1
187,4,2,2,-999,1,3
187,3,3,3,3,3,3
187,3,1,1,2,2,2
187,3,3,2,4,1,1
187,3,3,3,4,4,4
187,-999,-999,-999,-999,-999,-999
187,-999,-999,-999,-999,-999,-999
187,4,3,2,2,2,4
187,4,4,4,4,4,4
187,5,5,5,5,5,5
187,5,4,5,3,4,5
188,-999,-999,-999,-999,-999,-999
188,-999,-999,-999,-999,-999,-999
188,-999,-999,-999,-999,-999,-999
188,-999,-999,-999,-999,-999,-999
188,-999,-999,-999,-999,-999,-999
188,-999,-999,-999,-999,-999,-999
188,-999,-999,-999,-999,-999,-999
188,-999,-999,-999,-999,-999,-999
188,-999,-999,-999,-999,-999,-999
188,-999,-999,-999,-999,-999,-999
188,-999,-999,-999,-999,-999,-999
188,2,2,2,-999,-999,-999
188,-999,-999,-999,-999,-999,-999
188,-999,-999,-999,-999,-999,-999
188,-999,-999,-999,-999,-999,-999
188,-999,-999,-999,-999,-999,-999
188,-999,-999,-999,-999,-999,-999
188,-999,-999,-999,-999,-999,-999
188,-999,-999,-999,-999,-999,-999
188,-999,-999,-999,-999,-999,-999
188,-999,-999,-999,-999,-999,-999
188,-999,3,3,2,1,-999
188,-999,-999,-999,-999,-999,-999
188,-999,-999,-999,-999,-999,-999
188,-999,-999,-999,-999,-999,-999
188,-999,-999,-999,-999,-999,-999
188,-999,-999,-999,-999,-999,-999
188,-999,-999,-999,-999,-999,-999
189,5,5,5,5,5,5
189,1,4,4,5,5,5
189,1,1,1,1,1,1
189,-999,-999,-999,1,-999,-999
189,5,5,4,-999,-999,-999
189,-999,-999,-999,1,1,-999
189,1,1,1,1,1,1
189,5,1,1,5,5,1
189,5,5,5,5,5,5
189,2,2,2,2,2,2
190,5,5,5,5,5,5
190,1,2,2,4,4,-999
190,5,5,5,5,5,4
190,2,5,5,2,5,4
191,-999,-999,-999,2,-999,-999
191,4,4,4,4,4,4
191,-999,-999,-999,-999,-999,-999
191,-999,-999,-999,-999,-999,-999
191,-999,-999,-999,-999,-999,-999
191,-999,-999,-999,-999,-999,-999
191,3,3,3,1,1,2
191,1,1,1,-999,-999,-999
191,-999,-999,-999,-999,-999,-999
191,4,4,4,-999,-999,-999
191,-999,-999,-999,-999,-999,-999
191,-999,-999,-999,-999,-999,-999
191,-999,-999,-999,-999,-999,-999
191,4,4,4,4,4,4
191,2,2,2,1,2,2
191,3,1,1,3,3,1
191,-999,-999,-999,-999,-999,-999
191,2,2,2,1,2,2
191,5,5,1,3,3,3
191,-999,-999,-999,-999,-999,-999
191,2,3,3,1,5,-999
191,-999,-999,-999,-999,-999,-999
191,-999,-999,-999,-999,-999,-999
191,-999,-999,-999,-999,-999,-999
191,-999,-999,-999,-999,-999,-999
191,-999,-999,-999,-999,-999,-999
192,-999,-999,-999,-999,-999,-999
192,-999,-999,-999,-999,-999,-999
192,-999,-999,-999,5,-999,-999
192,5,5,5,5,5,5
192,-999,-999,-999,-999,-999,-999
192,-999,-999,-999,-999,-999,-999
192,-999,-999,-999,-999,-999,-999
192,-999,-999,-999,-999,-999,-999
192,4,4,5,4,4,4
192,-999,-999,-999,-999,-999,-999
192,-999,-999,-999,-999,-999,-999
192,1,1,1,1,2,1
192,-999,-999,-999,-999,-999,-999
192,-999,-999,-999,-999,-999,-999
192,-999,-999,-999,-999,-999,-999
192,-999,-999,-999,-999,-999,-999
192,-999,-999,-999,-999,-999,-999
192,-999,-999,-999,-999,-999,-999
192,1,1,1,-999,-999,-999
192,4,4,4,4,4,4
192,-999,-999,-999,-999,-999,-999
192,4,4,4,4,4,4
192,-999,-999,-999,-999,-999,-999
192,3,3,3,3,3,3
192,-999,-999,-999,-999,-999,-999
192,4,4,4,4,4,4
192,-999,-999,-999,-999,-999,-999
192,-999,-999,-999,-999,-999,-999
192,1,1,1,1,1,1
192,-999,-999,-999,-999,-999,-999
192,4,1,2,2,2,5
192,-999,-999,-999,-999,-999,-999
193,5,4,5,2,3,-999
193,1,1,2,1,2,5
193,1,1,1,5,5,5
193,2,4,-999,1,2,1
193,5,5,5,4,4,4
194,5,4,4,5,5,5
194,5,5,5,4,5,4
194,5,1,1,4,1,5
194,4,4,4,2,2,1
194,1,1,1,4,4,-999
194,4,3,3,4,3,2
194,5,5,4,5,4,4
194,5,5,4,5,4,5
194,5,5,5,5,4,-999
194,5,3,1,2,2,3
194,5,-999,5,5,5,3
194,5,4,5,5,5,5
194,2,1,1,4,-999,3
194,5,5,5,5,5,5
194,1,1,1,1,1,1
194,5,5,2,5,5,5
194,5,5,5,5,5,5
194,5,5,5,4,3,4
194,5,5,5,4,2,2
194,5,3,3,4,4,5
194,3,3,4,4,4,3
194,4,3,-999,4,3,2
194,3,2,3,5,5,4
194,5,5,5,4,1,5
195,1,2,3,2,2,2
195,4,4,4,-999,-999,-999
195,-999,-999,-999,-999,-999,-999
195,3,3,5,2,2,2
195,1,1,1,1,1,1
195,4,4,2,2,3,2
195,3,-999,3,4,4,3
195,5,4,4,4,-999,5
195,4,4,4,4,4,4
195,4,4,4,4,-999,-999
195,2,2,2,2,2,2
195,1,1,1,1,1,1
195,5,5,5,1,1,1
195,2,2,1,5,4,4
195,4,3,3,3,3,1
195,4,3,5,4,4,4
195,3,3,3,1,1,1
195,5,5,5,5,5,5
195,3,-999,1,3,3,3
195,2,2,2,2,2,2
195,2,2,2,1,1,2
195,4,4,4,4,3,5
195,2,3,3,1,1,-999
195,1,3,3,1,1,4
195,4,3,2,2,4,4
195,1,1,1,2,2,2
195,4,4,4,4,4,4
195,5,3,3,3,3,4
195,5,5,3,5,5,1
196,1,-999,-999,1,4,-999
196,3,1,1,3,2,3
196,5,5,5,4,4,3
196,1,1,3,4,4,4
196,-999,-999,-999,1,-999,-999
196,-999,1,1,1,-999,2
196,-999,-999,-999,-999,-999,-999
196,3,3,3,1,2,5
196,1,1,1,1,1,1
196,-999,-999,-999,-999,-999,-999
196,-999,-999,-999,-999,-999,-999
196,1,1,1,2,2,2
196,-999,-999,-999,-999,-999,-999
196,5,5,5,4,4,1
196,1,4,4,3,3,4
196,2,2,2,2,2,2
196,5,5,5,1,1,1
196,5,5,5,5,5,5
196,5,5,4,4,4,3
196,1,1,1,1,1,5
196,4,5,5,5,4,5
196,-999,-999,-999,2,-999,-999
196,5,4,2,3,4,3
196,-999,-999,-999,-999,-999,-999
196,4,3,4,4,3,1
196,4,4,2,5,5,-999
196,2,3,3,3,3,4
196,5,5,5,5,5,5
196,1,1,4,1,1,1
196,4,4,4,4,4,5
197,3,3,3,3,3,3
197,3,3,3,1,2,2
197,2,3,2,2,2,2
197,5,5,3,5,5,5
197,5,4,4,4,4,4
197,5,5,5,5,5,5
197,5,5,5,4,3,4
197,1,1,1,5,5,5
197,1,1,1,1,1,1
197,4,4,4,4,4,4
197,5,2,2,5,5,5
197,5,5,5,4,4,4
197,5,5,5,5,5,5
197,4,4,4,4,3,1
197,4,4,4,2,3,4
197,4,4,4,5,5,5
197,3,2,3,2,2,2
197,5,5,5,5,5,1
197,5,5,5,5,5,5
197,2,2,2,1,1,1
197,-999,-999,-999,-999,-999,-999
197,2,1,1,2,1,2
198,4,4,4,5,5,5
198,5,5,5,2,5,5
198,4,2,4,1,2,2
198,3,2,2,1,1,3
198,5,5,5,3,3,2
198,-999,-999,-999,3,-999,-999
198,2,1,4,3,3,2
198,1,1,5,4,1,4
198,1,1,2,1,1,5
198,4,3,3,4,3,4
198,2,3,5,-999,-999,-999
198,5,-999,-999,3,3,5
198,5,4,-999,3,3,4
198,5,5,5,5,2,4
198,4,2,2,1,3,3
198,3,3,1,3,3,1
198,4,3,3,3,3,2
198,5,3,2,2,2,3
198,1,4,3,3,-999,-999
198,4,1,3,3,4,4
198,5,5,4,4,4,5
198,2,1,1,2,1,2
198,5,4,4,4,4,1
198,-999,4,1,3,2,3
198,3,5,-999,3,-999,3
198,2,-999,1,4,3,3
198,3,3,2,1,5,1
198,4,4,1,4,4,4
198,2,5,2,1,2,4
198,4,3,3,2,2,4
199,3,3,3,4,4,4
199,1,1,1,4,4,4
199,3,2,4,3,4,2
199,-999,-999,-999,1,1,-999
199,-999,-999,-999,-999,-999,-999
199,-999,-999,-999,-999,-999,-999
199,3,3,3,2,2,2
199,2,2,2,2,2,2
199,3,2,-999,-999,-999,-999
199,-999,-999,-999,-999,-999,-999
199,5,5,5,4,4,3
199,1,1,2,1,1,1
199,1,1,1,1,1,1
199,2,2,2,4,4,4
199,1,1,1,1,3,4
199,1,1,1,2,3,3
199,4,4,4,4,1,3
199,2,2,5,3,2,1
199,2,4,4,1,2,3
199,3,3,3,3,4,1
199,3,2,2,-999,-999,4
199,1,1,1,1,1,1
199,3,3,3,1,2,4
199,1,1,3,2,2,2
199,1,2,3,1,3,3
199,-999,-999,-999,1,-999,-999
199,4,3,4,3,3,3
199,2,2,2,2,2,2
199,4,4,4,4,4,3
199,1,-999,1,1,1,1
200,3,-999,-999,-999,-999,-999
200,2,3,5,3,3,5
200,-999,-999,-999,1,1,1
200,4,4,4,4,4,4
200,2,2,2,2,2,2
200,-999,-999,-999,-999,-999,-999
200,3,3,3,3,3,3
200,-999,-999,-999,-999,-999,-999
200,-999,-999,-999,-999,-999,-999
200,3,5,3,1,1,5
200,1,1,2,1,2,4
200,3,3,3,4,4,4
200,3,5,3,4,5,4
200,1,1,2,4,-999,5
200,3,3,3,2,2,1
200,-999,-999,-999,5,-999,-999
200,5,5,5,5,4,4
200,2,2,2,2,2,2
200,-999,-999,-999,-999,-999,-999
200,-999,-999,-999,2,2,-999
200,4,4,4,4,4,4
200,5,4,3,4,4,4
